{
  "type": "FeatureCollection",
  "name": "cosmic-web",
  "features": [
    {
      "type": "Feature",
      "geometry": {
        "type": "Point",
        "coordinates": [
          3.0761792699386077,
          2.740003973439876
        ]
      },
      "properties": {
        "epoch": "z2_4",
        "cluster": 0,
        "intensity": 1.0
      }
    },
    {
      "type": "Feature",
      "geometry": {
        "type": "Point",
        "coordinates": [
          3.1876127989516143,
          3.2351411790978033
        ]
      },
      "properties": {
        "epoch": "z2_4",
        "cluster": 0,
        "intensity": 1.0
      }
    },
    {
      "type": "Feature",
      "geometry": {
        "type": "Point",
        "coordinates": [
          2.512241202836541,
          2.6744551232844205
        ]
      },
      "properties": {
        "epoch": "z2_4",
        "cluster": 0,
        "intensity": 1.0
      }
    },
    {
      "type": "Feature",
      "geometry": {
        "type": "Point",
        "coordinates": [
          3.0319601007918213,
          2.9209393519141043
        ]
      },
      "properties": {
        "epoch": "z2_4",
        "cluster": 0,
        "intensity": 1.0
      }
    },
    {
      "type": "Feature",
      "geometry": {
        "type": "Point",
        "coordinates": [
          2.9957997106239276,
          2.786739018106605
        ]
      },
      "properties": {
        "epoch": "z2_4",
        "cluster": 0,
        "intensity": 1.0
      }
    },
    {
      "type": "Feature",
      "geometry": {
        "type": "Point",
        "coordinates": [
          3.219849493715707,
          3.1944479838572373
        ]
      },
      "properties": {
        "epoch": "z2_4",
        "cluster": 0,
        "intensity": 1.0
      }
    },
    {
      "type": "Feature",
      "geometry": {
        "type": "Point",
        "coordinates": [
          3.016507674390304,
          3.2818103017420084
        ]
      },
      "properties": {
        "epoch": "z2_4",
        "cluster": 0,
        "intensity": 1.0
      }
    },
    {
      "type": "Feature",
      "geometry": {
        "type": "Point",
        "coordinates": [
          3.1168773355630113,
          2.7851768842791906
        ]
      },
      "properties": {
        "epoch": "z2_4",
        "cluster": 0,
        "intensity": 1.0
      }
    },
    {
      "type": "Feature",
      "geometry": {
        "type": "Point",
        "coordinates": [
          3.0921876960206247,
          2.7602793497927505
        ]
      },
      "properties": {
        "epoch": "z2_4",
        "cluster": 0,
        "intensity": 1.0
      }
    },
    {
      "type": "Feature",
      "geometry": {
        "type": "Point",
        "coordinates": [
          3.2196125753268183,
          2.9875185222534366
        ]
      },
      "properties": {
        "epoch": "z2_4",
        "cluster": 0,
        "intensity": 1.0
      }
    },
    {
      "type": "Feature",
      "geometry": {
        "type": "Point",
        "coordinates": [
          2.953784409113685,
          2.8297676138990147
        ]
      },
      "properties": {
        "epoch": "z2_4",
        "cluster": 0,
        "intensity": 1.0
      }
    },
    {
      "type": "Feature",
      "geometry": {
        "type": "Point",
        "coordinates": [
          3.3056353346685077,
          2.9613676294827993
        ]
      },
      "properties": {
        "epoch": "z2_4",
        "cluster": 0,
        "intensity": 1.0
      }
    },
    {
      "type": "Feature",
      "geometry": {
        "type": "Point",
        "coordinates": [
          2.8929180444592233,
          2.9119666123779426
        ]
      },
      "properties": {
        "epoch": "z2_4",
        "cluster": 0,
        "intensity": 1.0
      }
    },
    {
      "type": "Feature",
      "geometry": {
        "type": "Point",
        "coordinates": [
          3.133077296388337,
          3.0913610160910197
        ]
      },
      "properties": {
        "epoch": "z2_4",
        "cluster": 0,
        "intensity": 1.0
      }
    },
    {
      "type": "Feature",
      "geometry": {
        "type": "Point",
        "coordinates": [
          3.103183152898997,
          3.1077052507519705
        ]
      },
      "properties": {
        "epoch": "z2_4",
        "cluster": 0,
        "intensity": 1.0
      }
    },
    {
      "type": "Feature",
      "geometry": {
        "type": "Point",
        "coordinates": [
          3.5354119002176154,
          2.898396245903846
        ]
      },
      "properties": {
        "epoch": "z2_4",
        "cluster": 0,
        "intensity": 1.0
      }
    },
    {
      "type": "Feature",
      "geometry": {
        "type": "Point",
        "coordinates": [
          2.8719393177321155,
          2.7965568179380305
        ]
      },
      "properties": {
        "epoch": "z2_4",
        "cluster": 0,
        "intensity": 1.0
      }
    },
    {
      "type": "Feature",
      "geometry": {
        "type": "Point",
        "coordinates": [
          3.153994855643874,
          3.282243073180223
        ]
      },
      "properties": {
        "epoch": "z2_4",
        "cluster": 0,
        "intensity": 1.0
      }
    },
    {
      "type": "Feature",
      "geometry": {
        "type": "Point",
        "coordinates": [
          2.971513135586281,
          2.789960880759368
        ]
      },
      "properties": {
        "epoch": "z2_4",
        "cluster": 0,
        "intensity": 1.0
      }
    },
    {
      "type": "Feature",
      "geometry": {
        "type": "Point",
        "coordinates": [
          2.79387969607719,
          3.1626481969561753
        ]
      },
      "properties": {
        "epoch": "z2_4",
        "cluster": 0,
        "intensity": 1.0
      }
    },
    {
      "type": "Feature",
      "geometry": {
        "type": "Point",
        "coordinates": [
          3.1858135428008607,
          3.1357885670762986
        ]
      },
      "properties": {
        "epoch": "z2_4",
        "cluster": 0,
        "intensity": 1.0
      }
    },
    {
      "type": "Feature",
      "geometry": {
        "type": "Point",
        "coordinates": [
          2.8336225731778266,
          3.05804033076668
        ]
      },
      "properties": {
        "epoch": "z2_4",
        "cluster": 0,
        "intensity": 1.0
      }
    },
    {
      "type": "Feature",
      "geometry": {
        "type": "Point",
        "coordinates": [
          3.029171452285182,
          3.0546721491822533
        ]
      },
      "properties": {
        "epoch": "z2_4",
        "cluster": 0,
        "intensity": 1.0
      }
    },
    {
      "type": "Feature",
      "geometry": {
        "type": "Point",
        "coordinates": [
          3.2178571944870473,
          3.0558988871936705
        ]
      },
      "properties": {
        "epoch": "z2_4",
        "cluster": 0,
        "intensity": 1.0
      }
    },
    {
      "type": "Feature",
      "geometry": {
        "type": "Point",
        "coordinates": [
          3.1697283907679736,
          3.016894767372223
        ]
      },
      "properties": {
        "epoch": "z2_4",
        "cluster": 0,
        "intensity": 1.0
      }
    },
    {
      "type": "Feature",
      "geometry": {
        "type": "Point",
        "coordinates": [
          3.072279849672496,
          3.157822056459635
        ]
      },
      "properties": {
        "epoch": "z2_4",
        "cluster": 0,
        "intensity": 1.0
      }
    },
    {
      "type": "Feature",
      "geometry": {
        "type": "Point",
        "coordinates": [
          2.6357110450360834,
          2.9200821959106746
        ]
      },
      "properties": {
        "epoch": "z2_4",
        "cluster": 0,
        "intensity": 1.0
      }
    },
    {
      "type": "Feature",
      "geometry": {
        "type": "Point",
        "coordinates": [
          2.882406836426801,
          2.8402805379391647
        ]
      },
      "properties": {
        "epoch": "z2_4",
        "cluster": 0,
        "intensity": 1.0
      }
    },
    {
      "type": "Feature",
      "geometry": {
        "type": "Point",
        "coordinates": [
          2.931214437193329,
          3.373735327808599
        ]
      },
      "properties": {
        "epoch": "z2_4",
        "cluster": 0,
        "intensity": 1.0
      }
    },
    {
      "type": "Feature",
      "geometry": {
        "type": "Point",
        "coordinates": [
          2.783542221076689,
          3.2420695886478703
        ]
      },
      "properties": {
        "epoch": "z2_4",
        "cluster": 0,
        "intensity": 1.0
      }
    },
    {
      "type": "Feature",
      "geometry": {
        "type": "Point",
        "coordinates": [
          2.579282557096049,
          2.916278742503556
        ]
      },
      "properties": {
        "epoch": "z2_4",
        "cluster": 0,
        "intensity": 1.0
      }
    },
    {
      "type": "Feature",
      "geometry": {
        "type": "Point",
        "coordinates": [
          3.0406882662762516,
          3.1465555828398197
        ]
      },
      "properties": {
        "epoch": "z2_4",
        "cluster": 0,
        "intensity": 1.0
      }
    },
    {
      "type": "Feature",
      "geometry": {
        "type": "Point",
        "coordinates": [
          3.177806644948214,
          3.1983368087999815
        ]
      },
      "properties": {
        "epoch": "z2_4",
        "cluster": 0,
        "intensity": 1.0
      }
    },
    {
      "type": "Feature",
      "geometry": {
        "type": "Point",
        "coordinates": [
          2.9128187319378904,
          2.8844120518338583
        ]
      },
      "properties": {
        "epoch": "z2_4",
        "cluster": 0,
        "intensity": 1.0
      }
    },
    {
      "type": "Feature",
      "geometry": {
        "type": "Point",
        "coordinates": [
          3.2144939703142885,
          2.952173918779596
        ]
      },
      "properties": {
        "epoch": "z2_4",
        "cluster": 0,
        "intensity": 1.0
      }
    },
    {
      "type": "Feature",
      "geometry": {
        "type": "Point",
        "coordinates": [
          2.6810784191655195,
          2.71667819649913
        ]
      },
      "properties": {
        "epoch": "z2_4",
        "cluster": 0,
        "intensity": 1.0
      }
    },
    {
      "type": "Feature",
      "geometry": {
        "type": "Point",
        "coordinates": [
          2.770136928499597,
          3.124290186013441
        ]
      },
      "properties": {
        "epoch": "z2_4",
        "cluster": 0,
        "intensity": 1.0
      }
    },
    {
      "type": "Feature",
      "geometry": {
        "type": "Point",
        "coordinates": [
          3.0356064340176414,
          3.172621338516942
        ]
      },
      "properties": {
        "epoch": "z2_4",
        "cluster": 0,
        "intensity": 1.0
      }
    },
    {
      "type": "Feature",
      "geometry": {
        "type": "Point",
        "coordinates": [
          2.8931868384158665,
          3.0396349227691783
        ]
      },
      "properties": {
        "epoch": "z2_4",
        "cluster": 0,
        "intensity": 1.0
      }
    },
    {
      "type": "Feature",
      "geometry": {
        "type": "Point",
        "coordinates": [
          3.156397598491834,
          2.9226633650699405
        ]
      },
      "properties": {
        "epoch": "z2_4",
        "cluster": 0,
        "intensity": 1.0
      }
    },
    {
      "type": "Feature",
      "geometry": {
        "type": "Point",
        "coordinates": [
          3.114193809389353,
          2.8345185147333374
        ]
      },
      "properties": {
        "epoch": "z2_4",
        "cluster": 0,
        "intensity": 1.0
      }
    },
    {
      "type": "Feature",
      "geometry": {
        "type": "Point",
        "coordinates": [
          2.909236538358732,
          2.9045655265004178
        ]
      },
      "properties": {
        "epoch": "z2_4",
        "cluster": 0,
        "intensity": 1.0
      }
    },
    {
      "type": "Feature",
      "geometry": {
        "type": "Point",
        "coordinates": [
          2.70104008860274,
          3.1217431201963954
        ]
      },
      "properties": {
        "epoch": "z2_4",
        "cluster": 0,
        "intensity": 1.0
      }
    },
    {
      "type": "Feature",
      "geometry": {
        "type": "Point",
        "coordinates": [
          2.882649414949319,
          3.003123529681922
        ]
      },
      "properties": {
        "epoch": "z2_4",
        "cluster": 0,
        "intensity": 1.0
      }
    },
    {
      "type": "Feature",
      "geometry": {
        "type": "Point",
        "coordinates": [
          3.1201866647264773,
          3.111632794007486
        ]
      },
      "properties": {
        "epoch": "z2_4",
        "cluster": 0,
        "intensity": 1.0
      }
    },
    {
      "type": "Feature",
      "geometry": {
        "type": "Point",
        "coordinates": [
          3.1663462772431967,
          2.9753786288726443
        ]
      },
      "properties": {
        "epoch": "z2_4",
        "cluster": 0,
        "intensity": 1.0
      }
    },
    {
      "type": "Feature",
      "geometry": {
        "type": "Point",
        "coordinates": [
          2.8941754219889617,
          2.9800704472734
        ]
      },
      "properties": {
        "epoch": "z2_4",
        "cluster": 0,
        "intensity": 1.0
      }
    },
    {
      "type": "Feature",
      "geometry": {
        "type": "Point",
        "coordinates": [
          2.5781663915104924,
          2.638221881894228
        ]
      },
      "properties": {
        "epoch": "z2_4",
        "cluster": 0,
        "intensity": 1.0
      }
    },
    {
      "type": "Feature",
      "geometry": {
        "type": "Point",
        "coordinates": [
          2.6693250969113995,
          2.7506882930996297
        ]
      },
      "properties": {
        "epoch": "z2_4",
        "cluster": 0,
        "intensity": 1.0
      }
    },
    {
      "type": "Feature",
      "geometry": {
        "type": "Point",
        "coordinates": [
          3.0999435566808593,
          2.7736302361599847
        ]
      },
      "properties": {
        "epoch": "z2_4",
        "cluster": 0,
        "intensity": 1.0
      }
    },
    {
      "type": "Feature",
      "geometry": {
        "type": "Point",
        "coordinates": [
          2.9054593614901525,
          3.3248070744465164
        ]
      },
      "properties": {
        "epoch": "z2_4",
        "cluster": 0,
        "intensity": 1.0
      }
    },
    {
      "type": "Feature",
      "geometry": {
        "type": "Point",
        "coordinates": [
          2.9109340072346437,
          3.1843788921167717
        ]
      },
      "properties": {
        "epoch": "z2_4",
        "cluster": 0,
        "intensity": 1.0
      }
    },
    {
      "type": "Feature",
      "geometry": {
        "type": "Point",
        "coordinates": [
          2.7665955799975306,
          2.9486406105330927
        ]
      },
      "properties": {
        "epoch": "z2_4",
        "cluster": 0,
        "intensity": 1.0
      }
    },
    {
      "type": "Feature",
      "geometry": {
        "type": "Point",
        "coordinates": [
          2.7624944862723546,
          2.9152417310248593
        ]
      },
      "properties": {
        "epoch": "z2_4",
        "cluster": 0,
        "intensity": 1.0
      }
    },
    {
      "type": "Feature",
      "geometry": {
        "type": "Point",
        "coordinates": [
          3.2100770343643488,
          2.5681698942019127
        ]
      },
      "properties": {
        "epoch": "z2_4",
        "cluster": 0,
        "intensity": 1.0
      }
    },
    {
      "type": "Feature",
      "geometry": {
        "type": "Point",
        "coordinates": [
          3.1086059108864643,
          3.0594339005830693
        ]
      },
      "properties": {
        "epoch": "z2_4",
        "cluster": 0,
        "intensity": 1.0
      }
    },
    {
      "type": "Feature",
      "geometry": {
        "type": "Point",
        "coordinates": [
          2.8514625110758014,
          2.6384855364028863
        ]
      },
      "properties": {
        "epoch": "z2_4",
        "cluster": 0,
        "intensity": 1.0
      }
    },
    {
      "type": "Feature",
      "geometry": {
        "type": "Point",
        "coordinates": [
          3.0180323769284674,
          2.8676268227340493
        ]
      },
      "properties": {
        "epoch": "z2_4",
        "cluster": 0,
        "intensity": 1.0
      }
    },
    {
      "type": "Feature",
      "geometry": {
        "type": "Point",
        "coordinates": [
          3.058169052838676,
          3.0054630363808608
        ]
      },
      "properties": {
        "epoch": "z2_4",
        "cluster": 0,
        "intensity": 1.0
      }
    },
    {
      "type": "Feature",
      "geometry": {
        "type": "Point",
        "coordinates": [
          3.400444722830229,
          2.940161093131744
        ]
      },
      "properties": {
        "epoch": "z2_4",
        "cluster": 0,
        "intensity": 1.0
      }
    },
    {
      "type": "Feature",
      "geometry": {
        "type": "Point",
        "coordinates": [
          6.744125626844534,
          3.544818908739079
        ]
      },
      "properties": {
        "epoch": "z2_4",
        "cluster": 1,
        "intensity": 1.0
      }
    },
    {
      "type": "Feature",
      "geometry": {
        "type": "Point",
        "coordinates": [
          7.054999170992941,
          3.8397968938101092
        ]
      },
      "properties": {
        "epoch": "z2_4",
        "cluster": 1,
        "intensity": 1.0
      }
    },
    {
      "type": "Feature",
      "geometry": {
        "type": "Point",
        "coordinates": [
          7.208777811478645,
          3.5892177647873775
        ]
      },
      "properties": {
        "epoch": "z2_4",
        "cluster": 1,
        "intensity": 1.0
      }
    },
    {
      "type": "Feature",
      "geometry": {
        "type": "Point",
        "coordinates": [
          7.365825722804891,
          3.202809236419287
        ]
      },
      "properties": {
        "epoch": "z2_4",
        "cluster": 1,
        "intensity": 1.0
      }
    },
    {
      "type": "Feature",
      "geometry": {
        "type": "Point",
        "coordinates": [
          6.840062116812563,
          3.2683560146486186
        ]
      },
      "properties": {
        "epoch": "z2_4",
        "cluster": 1,
        "intensity": 1.0
      }
    },
    {
      "type": "Feature",
      "geometry": {
        "type": "Point",
        "coordinates": [
          6.902547549211058,
          3.1558284631109226
        ]
      },
      "properties": {
        "epoch": "z2_4",
        "cluster": 1,
        "intensity": 1.0
      }
    },
    {
      "type": "Feature",
      "geometry": {
        "type": "Point",
        "coordinates": [
          7.1587877367036015,
          3.4444443257253066
        ]
      },
      "properties": {
        "epoch": "z2_4",
        "cluster": 1,
        "intensity": 1.0
      }
    },
    {
      "type": "Feature",
      "geometry": {
        "type": "Point",
        "coordinates": [
          6.632298426374335,
          3.2461052296981148
        ]
      },
      "properties": {
        "epoch": "z2_4",
        "cluster": 1,
        "intensity": 1.0
      }
    },
    {
      "type": "Feature",
      "geometry": {
        "type": "Point",
        "coordinates": [
          7.078378461862549,
          3.7095316419735953
        ]
      },
      "properties": {
        "epoch": "z2_4",
        "cluster": 1,
        "intensity": 1.0
      }
    },
    {
      "type": "Feature",
      "geometry": {
        "type": "Point",
        "coordinates": [
          7.499182722922947,
          4.228465616501833
        ]
      },
      "properties": {
        "epoch": "z2_4",
        "cluster": 1,
        "intensity": 1.0
      }
    },
    {
      "type": "Feature",
      "geometry": {
        "type": "Point",
        "coordinates": [
          7.103602358318999,
          3.2526154699920338
        ]
      },
      "properties": {
        "epoch": "z2_4",
        "cluster": 1,
        "intensity": 1.0
      }
    },
    {
      "type": "Feature",
      "geometry": {
        "type": "Point",
        "coordinates": [
          6.466988429817173,
          3.566927865585959
        ]
      },
      "properties": {
        "epoch": "z2_4",
        "cluster": 1,
        "intensity": 1.0
      }
    },
    {
      "type": "Feature",
      "geometry": {
        "type": "Point",
        "coordinates": [
          6.796764726172419,
          3.3961606849550785
        ]
      },
      "properties": {
        "epoch": "z2_4",
        "cluster": 1,
        "intensity": 1.0
      }
    },
    {
      "type": "Feature",
      "geometry": {
        "type": "Point",
        "coordinates": [
          6.846975800235048,
          3.464802278395904
        ]
      },
      "properties": {
        "epoch": "z2_4",
        "cluster": 1,
        "intensity": 1.0
      }
    },
    {
      "type": "Feature",
      "geometry": {
        "type": "Point",
        "coordinates": [
          7.266495057696911,
          3.5392621418613364
        ]
      },
      "properties": {
        "epoch": "z2_4",
        "cluster": 1,
        "intensity": 1.0
      }
    },
    {
      "type": "Feature",
      "geometry": {
        "type": "Point",
        "coordinates": [
          6.9603412907403275,
          3.241086561793547
        ]
      },
      "properties": {
        "epoch": "z2_4",
        "cluster": 1,
        "intensity": 1.0
      }
    },
    {
      "type": "Feature",
      "geometry": {
        "type": "Point",
        "coordinates": [
          6.5813292638239105,
          3.3784230227316674
        ]
      },
      "properties": {
        "epoch": "z2_4",
        "cluster": 1,
        "intensity": 1.0
      }
    },
    {
      "type": "Feature",
      "geometry": {
        "type": "Point",
        "coordinates": [
          6.98655436229542,
          3.9419824783949706
        ]
      },
      "properties": {
        "epoch": "z2_4",
        "cluster": 1,
        "intensity": 1.0
      }
    },
    {
      "type": "Feature",
      "geometry": {
        "type": "Point",
        "coordinates": [
          7.032568630368221,
          3.7456848777557643
        ]
      },
      "properties": {
        "epoch": "z2_4",
        "cluster": 1,
        "intensity": 1.0
      }
    },
    {
      "type": "Feature",
      "geometry": {
        "type": "Point",
        "coordinates": [
          6.875176100365212,
          3.203764058395744
        ]
      },
      "properties": {
        "epoch": "z2_4",
        "cluster": 1,
        "intensity": 1.0
      }
    },
    {
      "type": "Feature",
      "geometry": {
        "type": "Point",
        "coordinates": [
          6.758720809441907,
          3.3186934838660616
        ]
      },
      "properties": {
        "epoch": "z2_4",
        "cluster": 1,
        "intensity": 1.0
      }
    },
    {
      "type": "Feature",
      "geometry": {
        "type": "Point",
        "coordinates": [
          7.532117433108791,
          3.2946533301939036
        ]
      },
      "properties": {
        "epoch": "z2_4",
        "cluster": 1,
        "intensity": 1.0
      }
    },
    {
      "type": "Feature",
      "geometry": {
        "type": "Point",
        "coordinates": [
          7.209622300934086,
          3.2742682054782435
        ]
      },
      "properties": {
        "epoch": "z2_4",
        "cluster": 1,
        "intensity": 1.0
      }
    },
    {
      "type": "Feature",
      "geometry": {
        "type": "Point",
        "coordinates": [
          7.2328932532185615,
          3.596237741526466
        ]
      },
      "properties": {
        "epoch": "z2_4",
        "cluster": 1,
        "intensity": 1.0
      }
    },
    {
      "type": "Feature",
      "geometry": {
        "type": "Point",
        "coordinates": [
          6.9608405255854775,
          3.4898093684661413
        ]
      },
      "properties": {
        "epoch": "z2_4",
        "cluster": 1,
        "intensity": 1.0
      }
    },
    {
      "type": "Feature",
      "geometry": {
        "type": "Point",
        "coordinates": [
          6.836303076142652,
          3.61151805037052
        ]
      },
      "properties": {
        "epoch": "z2_4",
        "cluster": 1,
        "intensity": 1.0
      }
    },
    {
      "type": "Feature",
      "geometry": {
        "type": "Point",
        "coordinates": [
          6.886254129914805,
          3.193598559058188
        ]
      },
      "properties": {
        "epoch": "z2_4",
        "cluster": 1,
        "intensity": 1.0
      }
    },
    {
      "type": "Feature",
      "geometry": {
        "type": "Point",
        "coordinates": [
          6.680515606420095,
          3.5431469794305297
        ]
      },
      "properties": {
        "epoch": "z2_4",
        "cluster": 1,
        "intensity": 1.0
      }
    },
    {
      "type": "Feature",
      "geometry": {
        "type": "Point",
        "coordinates": [
          7.394772814102609,
          3.5399979033933597
        ]
      },
      "properties": {
        "epoch": "z2_4",
        "cluster": 1,
        "intensity": 1.0
      }
    },
    {
      "type": "Feature",
      "geometry": {
        "type": "Point",
        "coordinates": [
          6.97034041847253,
          3.5714565349006357
        ]
      },
      "properties": {
        "epoch": "z2_4",
        "cluster": 1,
        "intensity": 1.0
      }
    },
    {
      "type": "Feature",
      "geometry": {
        "type": "Point",
        "coordinates": [
          7.3265004354267065,
          3.554845625340964
        ]
      },
      "properties": {
        "epoch": "z2_4",
        "cluster": 1,
        "intensity": 1.0
      }
    },
    {
      "type": "Feature",
      "geometry": {
        "type": "Point",
        "coordinates": [
          6.897268192291565,
          3.7765721775149723
        ]
      },
      "properties": {
        "epoch": "z2_4",
        "cluster": 1,
        "intensity": 1.0
      }
    },
    {
      "type": "Feature",
      "geometry": {
        "type": "Point",
        "coordinates": [
          7.107189109615403,
          3.8839389979989978
        ]
      },
      "properties": {
        "epoch": "z2_4",
        "cluster": 1,
        "intensity": 1.0
      }
    },
    {
      "type": "Feature",
      "geometry": {
        "type": "Point",
        "coordinates": [
          7.045808609305476,
          3.1938827420698748
        ]
      },
      "properties": {
        "epoch": "z2_4",
        "cluster": 1,
        "intensity": 1.0
      }
    },
    {
      "type": "Feature",
      "geometry": {
        "type": "Point",
        "coordinates": [
          6.657960200188584,
          3.9127319830578124
        ]
      },
      "properties": {
        "epoch": "z2_4",
        "cluster": 1,
        "intensity": 1.0
      }
    },
    {
      "type": "Feature",
      "geometry": {
        "type": "Point",
        "coordinates": [
          7.430916430195825,
          3.4551201966793497
        ]
      },
      "properties": {
        "epoch": "z2_4",
        "cluster": 1,
        "intensity": 1.0
      }
    },
    {
      "type": "Feature",
      "geometry": {
        "type": "Point",
        "coordinates": [
          6.904203169716003,
          3.8653610730605505
        ]
      },
      "properties": {
        "epoch": "z2_4",
        "cluster": 1,
        "intensity": 1.0
      }
    },
    {
      "type": "Feature",
      "geometry": {
        "type": "Point",
        "coordinates": [
          6.723238579489128,
          3.2763182452610433
        ]
      },
      "properties": {
        "epoch": "z2_4",
        "cluster": 1,
        "intensity": 1.0
      }
    },
    {
      "type": "Feature",
      "geometry": {
        "type": "Point",
        "coordinates": [
          7.160831698672261,
          3.4013487192851026
        ]
      },
      "properties": {
        "epoch": "z2_4",
        "cluster": 1,
        "intensity": 1.0
      }
    },
    {
      "type": "Feature",
      "geometry": {
        "type": "Point",
        "coordinates": [
          6.998719533319982,
          3.4591392753688717
        ]
      },
      "properties": {
        "epoch": "z2_4",
        "cluster": 1,
        "intensity": 1.0
      }
    },
    {
      "type": "Feature",
      "geometry": {
        "type": "Point",
        "coordinates": [
          7.084393637199733,
          3.851870465328429
        ]
      },
      "properties": {
        "epoch": "z2_4",
        "cluster": 1,
        "intensity": 1.0
      }
    },
    {
      "type": "Feature",
      "geometry": {
        "type": "Point",
        "coordinates": [
          7.022646226725437,
          3.6609846983192145
        ]
      },
      "properties": {
        "epoch": "z2_4",
        "cluster": 1,
        "intensity": 1.0
      }
    },
    {
      "type": "Feature",
      "geometry": {
        "type": "Point",
        "coordinates": [
          6.487456974742244,
          3.4878203995174704
        ]
      },
      "properties": {
        "epoch": "z2_4",
        "cluster": 1,
        "intensity": 1.0
      }
    },
    {
      "type": "Feature",
      "geometry": {
        "type": "Point",
        "coordinates": [
          6.789192432426782,
          3.195296734894093
        ]
      },
      "properties": {
        "epoch": "z2_4",
        "cluster": 1,
        "intensity": 1.0
      }
    },
    {
      "type": "Feature",
      "geometry": {
        "type": "Point",
        "coordinates": [
          6.780461908267812,
          3.416469139824797
        ]
      },
      "properties": {
        "epoch": "z2_4",
        "cluster": 1,
        "intensity": 1.0
      }
    },
    {
      "type": "Feature",
      "geometry": {
        "type": "Point",
        "coordinates": [
          7.228975635589003,
          3.168401820565109
        ]
      },
      "properties": {
        "epoch": "z2_4",
        "cluster": 1,
        "intensity": 1.0
      }
    },
    {
      "type": "Feature",
      "geometry": {
        "type": "Point",
        "coordinates": [
          7.007657873148604,
          3.3789576416666054
        ]
      },
      "properties": {
        "epoch": "z2_4",
        "cluster": 1,
        "intensity": 1.0
      }
    },
    {
      "type": "Feature",
      "geometry": {
        "type": "Point",
        "coordinates": [
          6.918081726409509,
          3.750689456326151
        ]
      },
      "properties": {
        "epoch": "z2_4",
        "cluster": 1,
        "intensity": 1.0
      }
    },
    {
      "type": "Feature",
      "geometry": {
        "type": "Point",
        "coordinates": [
          7.134528859250982,
          3.8343495268606858
        ]
      },
      "properties": {
        "epoch": "z2_4",
        "cluster": 1,
        "intensity": 1.0
      }
    },
    {
      "type": "Feature",
      "geometry": {
        "type": "Point",
        "coordinates": [
          6.961373580187525,
          3.3260143470823245
        ]
      },
      "properties": {
        "epoch": "z2_4",
        "cluster": 1,
        "intensity": 1.0
      }
    },
    {
      "type": "Feature",
      "geometry": {
        "type": "Point",
        "coordinates": [
          6.944035295779875,
          3.5606241978178055
        ]
      },
      "properties": {
        "epoch": "z2_4",
        "cluster": 1,
        "intensity": 1.0
      }
    },
    {
      "type": "Feature",
      "geometry": {
        "type": "Point",
        "coordinates": [
          7.044143339613428,
          3.2289029819416584
        ]
      },
      "properties": {
        "epoch": "z2_4",
        "cluster": 1,
        "intensity": 1.0
      }
    },
    {
      "type": "Feature",
      "geometry": {
        "type": "Point",
        "coordinates": [
          7.022622445406968,
          3.557057082534726
        ]
      },
      "properties": {
        "epoch": "z2_4",
        "cluster": 1,
        "intensity": 1.0
      }
    },
    {
      "type": "Feature",
      "geometry": {
        "type": "Point",
        "coordinates": [
          7.62936850938348,
          3.9692111528204177
        ]
      },
      "properties": {
        "epoch": "z2_4",
        "cluster": 1,
        "intensity": 1.0
      }
    },
    {
      "type": "Feature",
      "geometry": {
        "type": "Point",
        "coordinates": [
          6.786689162360295,
          3.428154159612706
        ]
      },
      "properties": {
        "epoch": "z2_4",
        "cluster": 1,
        "intensity": 1.0
      }
    },
    {
      "type": "Feature",
      "geometry": {
        "type": "Point",
        "coordinates": [
          6.634139499540749,
          3.3523232465091284
        ]
      },
      "properties": {
        "epoch": "z2_4",
        "cluster": 1,
        "intensity": 1.0
      }
    },
    {
      "type": "Feature",
      "geometry": {
        "type": "Point",
        "coordinates": [
          7.0789012508975855,
          3.8014634052220586
        ]
      },
      "properties": {
        "epoch": "z2_4",
        "cluster": 1,
        "intensity": 1.0
      }
    },
    {
      "type": "Feature",
      "geometry": {
        "type": "Point",
        "coordinates": [
          6.817729040564098,
          3.336463389983051
        ]
      },
      "properties": {
        "epoch": "z2_4",
        "cluster": 1,
        "intensity": 1.0
      }
    },
    {
      "type": "Feature",
      "geometry": {
        "type": "Point",
        "coordinates": [
          6.463177742565336,
          3.459333519863773
        ]
      },
      "properties": {
        "epoch": "z2_4",
        "cluster": 1,
        "intensity": 1.0
      }
    },
    {
      "type": "Feature",
      "geometry": {
        "type": "Point",
        "coordinates": [
          6.734396397035109,
          3.3676401431584817
        ]
      },
      "properties": {
        "epoch": "z2_4",
        "cluster": 1,
        "intensity": 1.0
      }
    },
    {
      "type": "Feature",
      "geometry": {
        "type": "Point",
        "coordinates": [
          5.280784805458103,
          6.976434361436861
        ]
      },
      "properties": {
        "epoch": "z2_4",
        "cluster": 2,
        "intensity": 1.0
      }
    },
    {
      "type": "Feature",
      "geometry": {
        "type": "Point",
        "coordinates": [
          5.060567902160842,
          6.633238688652252
        ]
      },
      "properties": {
        "epoch": "z2_4",
        "cluster": 2,
        "intensity": 1.0
      }
    },
    {
      "type": "Feature",
      "geometry": {
        "type": "Point",
        "coordinates": [
          6.032311778007075,
          6.678144354681493
        ]
      },
      "properties": {
        "epoch": "z2_4",
        "cluster": 2,
        "intensity": 1.0
      }
    },
    {
      "type": "Feature",
      "geometry": {
        "type": "Point",
        "coordinates": [
          5.22580360538634,
          7.459228382080329
        ]
      },
      "properties": {
        "epoch": "z2_4",
        "cluster": 2,
        "intensity": 1.0
      }
    },
    {
      "type": "Feature",
      "geometry": {
        "type": "Point",
        "coordinates": [
          6.226266792310102,
          6.707108342793664
        ]
      },
      "properties": {
        "epoch": "z2_4",
        "cluster": 2,
        "intensity": 1.0
      }
    },
    {
      "type": "Feature",
      "geometry": {
        "type": "Point",
        "coordinates": [
          5.407937760802993,
          7.085388887735127
        ]
      },
      "properties": {
        "epoch": "z2_4",
        "cluster": 2,
        "intensity": 1.0
      }
    },
    {
      "type": "Feature",
      "geometry": {
        "type": "Point",
        "coordinates": [
          5.932174411101398,
          6.753285730392941
        ]
      },
      "properties": {
        "epoch": "z2_4",
        "cluster": 2,
        "intensity": 1.0
      }
    },
    {
      "type": "Feature",
      "geometry": {
        "type": "Point",
        "coordinates": [
          5.438680538514473,
          7.194334394015436
        ]
      },
      "properties": {
        "epoch": "z2_4",
        "cluster": 2,
        "intensity": 1.0
      }
    },
    {
      "type": "Feature",
      "geometry": {
        "type": "Point",
        "coordinates": [
          5.608691518616655,
          6.905960982192475
        ]
      },
      "properties": {
        "epoch": "z2_4",
        "cluster": 2,
        "intensity": 1.0
      }
    },
    {
      "type": "Feature",
      "geometry": {
        "type": "Point",
        "coordinates": [
          5.466544258870989,
          6.656276047907505
        ]
      },
      "properties": {
        "epoch": "z2_4",
        "cluster": 2,
        "intensity": 1.0
      }
    },
    {
      "type": "Feature",
      "geometry": {
        "type": "Point",
        "coordinates": [
          5.440456564006333,
          6.933403127497761
        ]
      },
      "properties": {
        "epoch": "z2_4",
        "cluster": 2,
        "intensity": 1.0
      }
    },
    {
      "type": "Feature",
      "geometry": {
        "type": "Point",
        "coordinates": [
          5.558042472406564,
          6.861168195295246
        ]
      },
      "properties": {
        "epoch": "z2_4",
        "cluster": 2,
        "intensity": 1.0
      }
    },
    {
      "type": "Feature",
      "geometry": {
        "type": "Point",
        "coordinates": [
          5.617884630636285,
          7.253178954454957
        ]
      },
      "properties": {
        "epoch": "z2_4",
        "cluster": 2,
        "intensity": 1.0
      }
    },
    {
      "type": "Feature",
      "geometry": {
        "type": "Point",
        "coordinates": [
          5.538857331917116,
          7.087939102099801
        ]
      },
      "properties": {
        "epoch": "z2_4",
        "cluster": 2,
        "intensity": 1.0
      }
    },
    {
      "type": "Feature",
      "geometry": {
        "type": "Point",
        "coordinates": [
          5.513288836894467,
          7.000021098272853
        ]
      },
      "properties": {
        "epoch": "z2_4",
        "cluster": 2,
        "intensity": 1.0
      }
    },
    {
      "type": "Feature",
      "geometry": {
        "type": "Point",
        "coordinates": [
          5.319610491614288,
          7.079123565418327
        ]
      },
      "properties": {
        "epoch": "z2_4",
        "cluster": 2,
        "intensity": 1.0
      }
    },
    {
      "type": "Feature",
      "geometry": {
        "type": "Point",
        "coordinates": [
          5.4756783503966275,
          7.523292077232648
        ]
      },
      "properties": {
        "epoch": "z2_4",
        "cluster": 2,
        "intensity": 1.0
      }
    },
    {
      "type": "Feature",
      "geometry": {
        "type": "Point",
        "coordinates": [
          5.89333872561881,
          7.096461638139125
        ]
      },
      "properties": {
        "epoch": "z2_4",
        "cluster": 2,
        "intensity": 1.0
      }
    },
    {
      "type": "Feature",
      "geometry": {
        "type": "Point",
        "coordinates": [
          5.309235697576308,
          6.721897132004146
        ]
      },
      "properties": {
        "epoch": "z2_4",
        "cluster": 2,
        "intensity": 1.0
      }
    },
    {
      "type": "Feature",
      "geometry": {
        "type": "Point",
        "coordinates": [
          5.797785738272216,
          7.065687306286785
        ]
      },
      "properties": {
        "epoch": "z2_4",
        "cluster": 2,
        "intensity": 1.0
      }
    },
    {
      "type": "Feature",
      "geometry": {
        "type": "Point",
        "coordinates": [
          5.620035850847903,
          6.563853503256452
        ]
      },
      "properties": {
        "epoch": "z2_4",
        "cluster": 2,
        "intensity": 1.0
      }
    },
    {
      "type": "Feature",
      "geometry": {
        "type": "Point",
        "coordinates": [
          5.731859620389545,
          7.1136050845535905
        ]
      },
      "properties": {
        "epoch": "z2_4",
        "cluster": 2,
        "intensity": 1.0
      }
    },
    {
      "type": "Feature",
      "geometry": {
        "type": "Point",
        "coordinates": [
          5.2223923288963805,
          6.882118798137513
        ]
      },
      "properties": {
        "epoch": "z2_4",
        "cluster": 2,
        "intensity": 1.0
      }
    },
    {
      "type": "Feature",
      "geometry": {
        "type": "Point",
        "coordinates": [
          5.56592930108913,
          7.013116699589061
        ]
      },
      "properties": {
        "epoch": "z2_4",
        "cluster": 2,
        "intensity": 1.0
      }
    },
    {
      "type": "Feature",
      "geometry": {
        "type": "Point",
        "coordinates": [
          5.426957203549112,
          6.97412793298351
        ]
      },
      "properties": {
        "epoch": "z2_4",
        "cluster": 2,
        "intensity": 1.0
      }
    },
    {
      "type": "Feature",
      "geometry": {
        "type": "Point",
        "coordinates": [
          5.437005655448279,
          7.038140628025618
        ]
      },
      "properties": {
        "epoch": "z2_4",
        "cluster": 2,
        "intensity": 1.0
      }
    },
    {
      "type": "Feature",
      "geometry": {
        "type": "Point",
        "coordinates": [
          5.867872993248289,
          6.358335389767175
        ]
      },
      "properties": {
        "epoch": "z2_4",
        "cluster": 2,
        "intensity": 1.0
      }
    },
    {
      "type": "Feature",
      "geometry": {
        "type": "Point",
        "coordinates": [
          5.440787433872579,
          7.044128105343112
        ]
      },
      "properties": {
        "epoch": "z2_4",
        "cluster": 2,
        "intensity": 1.0
      }
    },
    {
      "type": "Feature",
      "geometry": {
        "type": "Point",
        "coordinates": [
          5.5739984974217744,
          6.907021354669678
        ]
      },
      "properties": {
        "epoch": "z2_4",
        "cluster": 2,
        "intensity": 1.0
      }
    },
    {
      "type": "Feature",
      "geometry": {
        "type": "Point",
        "coordinates": [
          5.0608195543803545,
          7.081998870928527
        ]
      },
      "properties": {
        "epoch": "z2_4",
        "cluster": 2,
        "intensity": 1.0
      }
    },
    {
      "type": "Feature",
      "geometry": {
        "type": "Point",
        "coordinates": [
          5.931837553541047,
          6.6165346487709655
        ]
      },
      "properties": {
        "epoch": "z2_4",
        "cluster": 2,
        "intensity": 1.0
      }
    },
    {
      "type": "Feature",
      "geometry": {
        "type": "Point",
        "coordinates": [
          5.715957003424547,
          6.917868694219276
        ]
      },
      "properties": {
        "epoch": "z2_4",
        "cluster": 2,
        "intensity": 1.0
      }
    },
    {
      "type": "Feature",
      "geometry": {
        "type": "Point",
        "coordinates": [
          5.484668913542788,
          6.736775372324013
        ]
      },
      "properties": {
        "epoch": "z2_4",
        "cluster": 2,
        "intensity": 1.0
      }
    },
    {
      "type": "Feature",
      "geometry": {
        "type": "Point",
        "coordinates": [
          5.41638595691103,
          7.32501114867474
        ]
      },
      "properties": {
        "epoch": "z2_4",
        "cluster": 2,
        "intensity": 1.0
      }
    },
    {
      "type": "Feature",
      "geometry": {
        "type": "Point",
        "coordinates": [
          5.645663810496926,
          7.433077901352486
        ]
      },
      "properties": {
        "epoch": "z2_4",
        "cluster": 2,
        "intensity": 1.0
      }
    },
    {
      "type": "Feature",
      "geometry": {
        "type": "Point",
        "coordinates": [
          5.794352972244424,
          7.109771669732394
        ]
      },
      "properties": {
        "epoch": "z2_4",
        "cluster": 2,
        "intensity": 1.0
      }
    },
    {
      "type": "Feature",
      "geometry": {
        "type": "Point",
        "coordinates": [
          5.935983631541948,
          7.109748289684575
        ]
      },
      "properties": {
        "epoch": "z2_4",
        "cluster": 2,
        "intensity": 1.0
      }
    },
    {
      "type": "Feature",
      "geometry": {
        "type": "Point",
        "coordinates": [
          5.706997044199265,
          6.925857261616323
        ]
      },
      "properties": {
        "epoch": "z2_4",
        "cluster": 2,
        "intensity": 1.0
      }
    },
    {
      "type": "Feature",
      "geometry": {
        "type": "Point",
        "coordinates": [
          5.516636453964801,
          6.825644044174931
        ]
      },
      "properties": {
        "epoch": "z2_4",
        "cluster": 2,
        "intensity": 1.0
      }
    },
    {
      "type": "Feature",
      "geometry": {
        "type": "Point",
        "coordinates": [
          5.747395983648714,
          6.705424094221284
        ]
      },
      "properties": {
        "epoch": "z2_4",
        "cluster": 2,
        "intensity": 1.0
      }
    },
    {
      "type": "Feature",
      "geometry": {
        "type": "Point",
        "coordinates": [
          5.695587585604415,
          6.95233723562371
        ]
      },
      "properties": {
        "epoch": "z2_4",
        "cluster": 2,
        "intensity": 1.0
      }
    },
    {
      "type": "Feature",
      "geometry": {
        "type": "Point",
        "coordinates": [
          5.79281177336683,
          7.187717247182815
        ]
      },
      "properties": {
        "epoch": "z2_4",
        "cluster": 2,
        "intensity": 1.0
      }
    },
    {
      "type": "Feature",
      "geometry": {
        "type": "Point",
        "coordinates": [
          5.955161539411701,
          7.182693672784661
        ]
      },
      "properties": {
        "epoch": "z2_4",
        "cluster": 2,
        "intensity": 1.0
      }
    },
    {
      "type": "Feature",
      "geometry": {
        "type": "Point",
        "coordinates": [
          5.1069899360866895,
          6.983261706775449
        ]
      },
      "properties": {
        "epoch": "z2_4",
        "cluster": 2,
        "intensity": 1.0
      }
    },
    {
      "type": "Feature",
      "geometry": {
        "type": "Point",
        "coordinates": [
          5.206998201851296,
          6.870430039408431
        ]
      },
      "properties": {
        "epoch": "z2_4",
        "cluster": 2,
        "intensity": 1.0
      }
    },
    {
      "type": "Feature",
      "geometry": {
        "type": "Point",
        "coordinates": [
          5.87780710831918,
          7.159383452724424
        ]
      },
      "properties": {
        "epoch": "z2_4",
        "cluster": 2,
        "intensity": 1.0
      }
    },
    {
      "type": "Feature",
      "geometry": {
        "type": "Point",
        "coordinates": [
          5.325267392855314,
          6.7465706583899
        ]
      },
      "properties": {
        "epoch": "z2_4",
        "cluster": 2,
        "intensity": 1.0
      }
    },
    {
      "type": "Feature",
      "geometry": {
        "type": "Point",
        "coordinates": [
          5.508195523219065,
          6.695859962654718
        ]
      },
      "properties": {
        "epoch": "z2_4",
        "cluster": 2,
        "intensity": 1.0
      }
    },
    {
      "type": "Feature",
      "geometry": {
        "type": "Point",
        "coordinates": [
          5.332214930650855,
          7.078002367887811
        ]
      },
      "properties": {
        "epoch": "z2_4",
        "cluster": 2,
        "intensity": 1.0
      }
    },
    {
      "type": "Feature",
      "geometry": {
        "type": "Point",
        "coordinates": [
          5.788828009026674,
          7.15219036805611
        ]
      },
      "properties": {
        "epoch": "z2_4",
        "cluster": 2,
        "intensity": 1.0
      }
    },
    {
      "type": "Feature",
      "geometry": {
        "type": "Point",
        "coordinates": [
          4.927177622850475,
          7.076091682257565
        ]
      },
      "properties": {
        "epoch": "z2_4",
        "cluster": 2,
        "intensity": 1.0
      }
    },
    {
      "type": "Feature",
      "geometry": {
        "type": "Point",
        "coordinates": [
          5.518008393308144,
          7.103472571343174
        ]
      },
      "properties": {
        "epoch": "z2_4",
        "cluster": 2,
        "intensity": 1.0
      }
    },
    {
      "type": "Feature",
      "geometry": {
        "type": "Point",
        "coordinates": [
          5.9040524204128015,
          6.484190430798814
        ]
      },
      "properties": {
        "epoch": "z2_4",
        "cluster": 2,
        "intensity": 1.0
      }
    },
    {
      "type": "Feature",
      "geometry": {
        "type": "Point",
        "coordinates": [
          5.352224143702224,
          7.147726580698339
        ]
      },
      "properties": {
        "epoch": "z2_4",
        "cluster": 2,
        "intensity": 1.0
      }
    },
    {
      "type": "Feature",
      "geometry": {
        "type": "Point",
        "coordinates": [
          5.104601400136515,
          7.368987262013377
        ]
      },
      "properties": {
        "epoch": "z2_4",
        "cluster": 2,
        "intensity": 1.0
      }
    },
    {
      "type": "Feature",
      "geometry": {
        "type": "Point",
        "coordinates": [
          5.592089153175165,
          7.211645996460851
        ]
      },
      "properties": {
        "epoch": "z2_4",
        "cluster": 2,
        "intensity": 1.0
      }
    },
    {
      "type": "Feature",
      "geometry": {
        "type": "Point",
        "coordinates": [
          5.357264084619551,
          7.203440922491553
        ]
      },
      "properties": {
        "epoch": "z2_4",
        "cluster": 2,
        "intensity": 1.0
      }
    },
    {
      "type": "Feature",
      "geometry": {
        "type": "Point",
        "coordinates": [
          5.76711788899726,
          7.058219505034292
        ]
      },
      "properties": {
        "epoch": "z2_4",
        "cluster": 2,
        "intensity": 1.0
      }
    },
    {
      "type": "Feature",
      "geometry": {
        "type": "Point",
        "coordinates": [
          5.558600223174674,
          7.067585809820431
        ]
      },
      "properties": {
        "epoch": "z2_4",
        "cluster": 2,
        "intensity": 1.0
      }
    },
    {
      "type": "Feature",
      "geometry": {
        "type": "Point",
        "coordinates": [
          5.284163683815154,
          6.963117829939912
        ]
      },
      "properties": {
        "epoch": "z2_4",
        "cluster": 2,
        "intensity": 1.0
      }
    },
    {
      "type": "Feature",
      "geometry": {
        "type": "Point",
        "coordinates": [
          3.26186936688691,
          3.2458484660883737
        ]
      },
      "properties": {
        "epoch": "z3_1",
        "cluster": 0,
        "intensity": 1.0
      }
    },
    {
      "type": "Feature",
      "geometry": {
        "type": "Point",
        "coordinates": [
          3.5499560617275736,
          2.8853659795053974
        ]
      },
      "properties": {
        "epoch": "z3_1",
        "cluster": 0,
        "intensity": 1.0
      }
    },
    {
      "type": "Feature",
      "geometry": {
        "type": "Point",
        "coordinates": [
          3.2687477424201052,
          3.520363886914743
        ]
      },
      "properties": {
        "epoch": "z3_1",
        "cluster": 0,
        "intensity": 1.0
      }
    },
    {
      "type": "Feature",
      "geometry": {
        "type": "Point",
        "coordinates": [
          3.1141029427968587,
          2.9444374956774197
        ]
      },
      "properties": {
        "epoch": "z3_1",
        "cluster": 0,
        "intensity": 1.0
      }
    },
    {
      "type": "Feature",
      "geometry": {
        "type": "Point",
        "coordinates": [
          3.350576547957798,
          3.36109629762133
        ]
      },
      "properties": {
        "epoch": "z3_1",
        "cluster": 0,
        "intensity": 1.0
      }
    },
    {
      "type": "Feature",
      "geometry": {
        "type": "Point",
        "coordinates": [
          3.3028565138901644,
          3.482240147609247
        ]
      },
      "properties": {
        "epoch": "z3_1",
        "cluster": 0,
        "intensity": 1.0
      }
    },
    {
      "type": "Feature",
      "geometry": {
        "type": "Point",
        "coordinates": [
          3.5141984956416317,
          3.3604550167225153
        ]
      },
      "properties": {
        "epoch": "z3_1",
        "cluster": 0,
        "intensity": 1.0
      }
    },
    {
      "type": "Feature",
      "geometry": {
        "type": "Point",
        "coordinates": [
          3.4385291253310233,
          3.731913275086521
        ]
      },
      "properties": {
        "epoch": "z3_1",
        "cluster": 0,
        "intensity": 1.0
      }
    },
    {
      "type": "Feature",
      "geometry": {
        "type": "Point",
        "coordinates": [
          3.248709577783489,
          2.6491194269833716
        ]
      },
      "properties": {
        "epoch": "z3_1",
        "cluster": 0,
        "intensity": 1.0
      }
    },
    {
      "type": "Feature",
      "geometry": {
        "type": "Point",
        "coordinates": [
          3.701063590379285,
          3.0355751422607935
        ]
      },
      "properties": {
        "epoch": "z3_1",
        "cluster": 0,
        "intensity": 1.0
      }
    },
    {
      "type": "Feature",
      "geometry": {
        "type": "Point",
        "coordinates": [
          3.326970111085758,
          3.4773876712151317
        ]
      },
      "properties": {
        "epoch": "z3_1",
        "cluster": 0,
        "intensity": 1.0
      }
    },
    {
      "type": "Feature",
      "geometry": {
        "type": "Point",
        "coordinates": [
          2.8994351147352684,
          2.837088196473465
        ]
      },
      "properties": {
        "epoch": "z3_1",
        "cluster": 0,
        "intensity": 1.0
      }
    },
    {
      "type": "Feature",
      "geometry": {
        "type": "Point",
        "coordinates": [
          2.8996805157202865,
          2.951465927493644
        ]
      },
      "properties": {
        "epoch": "z3_1",
        "cluster": 0,
        "intensity": 1.0
      }
    },
    {
      "type": "Feature",
      "geometry": {
        "type": "Point",
        "coordinates": [
          3.409909151504248,
          3.2810469607031925
        ]
      },
      "properties": {
        "epoch": "z3_1",
        "cluster": 0,
        "intensity": 1.0
      }
    },
    {
      "type": "Feature",
      "geometry": {
        "type": "Point",
        "coordinates": [
          3.3690685448321385,
          2.7968085290269085
        ]
      },
      "properties": {
        "epoch": "z3_1",
        "cluster": 0,
        "intensity": 1.0
      }
    },
    {
      "type": "Feature",
      "geometry": {
        "type": "Point",
        "coordinates": [
          2.7224741408418387,
          3.1635883963475955
        ]
      },
      "properties": {
        "epoch": "z3_1",
        "cluster": 0,
        "intensity": 1.0
      }
    },
    {
      "type": "Feature",
      "geometry": {
        "type": "Point",
        "coordinates": [
          3.182055991590416,
          3.264846442929153
        ]
      },
      "properties": {
        "epoch": "z3_1",
        "cluster": 0,
        "intensity": 1.0
      }
    },
    {
      "type": "Feature",
      "geometry": {
        "type": "Point",
        "coordinates": [
          3.4754884065553173,
          3.18456035801467
        ]
      },
      "properties": {
        "epoch": "z3_1",
        "cluster": 0,
        "intensity": 1.0
      }
    },
    {
      "type": "Feature",
      "geometry": {
        "type": "Point",
        "coordinates": [
          3.4900332713439632,
          3.207302843528767
        ]
      },
      "properties": {
        "epoch": "z3_1",
        "cluster": 0,
        "intensity": 1.0
      }
    },
    {
      "type": "Feature",
      "geometry": {
        "type": "Point",
        "coordinates": [
          3.4325161764003664,
          2.9738316842825294
        ]
      },
      "properties": {
        "epoch": "z3_1",
        "cluster": 0,
        "intensity": 1.0
      }
    },
    {
      "type": "Feature",
      "geometry": {
        "type": "Point",
        "coordinates": [
          3.255097146542135,
          3.1991940241642394
        ]
      },
      "properties": {
        "epoch": "z3_1",
        "cluster": 0,
        "intensity": 1.0
      }
    },
    {
      "type": "Feature",
      "geometry": {
        "type": "Point",
        "coordinates": [
          3.5051321188543545,
          3.0515647069438567
        ]
      },
      "properties": {
        "epoch": "z3_1",
        "cluster": 0,
        "intensity": 1.0
      }
    },
    {
      "type": "Feature",
      "geometry": {
        "type": "Point",
        "coordinates": [
          3.430291813933028,
          3.0835403020211554
        ]
      },
      "properties": {
        "epoch": "z3_1",
        "cluster": 0,
        "intensity": 1.0
      }
    },
    {
      "type": "Feature",
      "geometry": {
        "type": "Point",
        "coordinates": [
          3.2706144581679673,
          3.357379760506018
        ]
      },
      "properties": {
        "epoch": "z3_1",
        "cluster": 0,
        "intensity": 1.0
      }
    },
    {
      "type": "Feature",
      "geometry": {
        "type": "Point",
        "coordinates": [
          2.801734907236461,
          2.8258819179813095
        ]
      },
      "properties": {
        "epoch": "z3_1",
        "cluster": 0,
        "intensity": 1.0
      }
    },
    {
      "type": "Feature",
      "geometry": {
        "type": "Point",
        "coordinates": [
          2.9294536506392945,
          2.5665959700379237
        ]
      },
      "properties": {
        "epoch": "z3_1",
        "cluster": 0,
        "intensity": 1.0
      }
    },
    {
      "type": "Feature",
      "geometry": {
        "type": "Point",
        "coordinates": [
          3.1304338899612056,
          3.337358474931935
        ]
      },
      "properties": {
        "epoch": "z3_1",
        "cluster": 0,
        "intensity": 1.0
      }
    },
    {
      "type": "Feature",
      "geometry": {
        "type": "Point",
        "coordinates": [
          3.2287789834043563,
          3.199447520485463
        ]
      },
      "properties": {
        "epoch": "z3_1",
        "cluster": 0,
        "intensity": 1.0
      }
    },
    {
      "type": "Feature",
      "geometry": {
        "type": "Point",
        "coordinates": [
          3.572304374177698,
          3.481921533066923
        ]
      },
      "properties": {
        "epoch": "z3_1",
        "cluster": 0,
        "intensity": 1.0
      }
    },
    {
      "type": "Feature",
      "geometry": {
        "type": "Point",
        "coordinates": [
          3.282715516318465,
          3.488396472392349
        ]
      },
      "properties": {
        "epoch": "z3_1",
        "cluster": 0,
        "intensity": 1.0
      }
    },
    {
      "type": "Feature",
      "geometry": {
        "type": "Point",
        "coordinates": [
          3.323031664608527,
          2.9406504440431345
        ]
      },
      "properties": {
        "epoch": "z3_1",
        "cluster": 0,
        "intensity": 1.0
      }
    },
    {
      "type": "Feature",
      "geometry": {
        "type": "Point",
        "coordinates": [
          3.151399911950316,
          2.7798658718587457
        ]
      },
      "properties": {
        "epoch": "z3_1",
        "cluster": 0,
        "intensity": 1.0
      }
    },
    {
      "type": "Feature",
      "geometry": {
        "type": "Point",
        "coordinates": [
          3.0779665365665867,
          3.0604958279813927
        ]
      },
      "properties": {
        "epoch": "z3_1",
        "cluster": 0,
        "intensity": 1.0
      }
    },
    {
      "type": "Feature",
      "geometry": {
        "type": "Point",
        "coordinates": [
          3.5008962548446503,
          3.5801924577914956
        ]
      },
      "properties": {
        "epoch": "z3_1",
        "cluster": 0,
        "intensity": 1.0
      }
    },
    {
      "type": "Feature",
      "geometry": {
        "type": "Point",
        "coordinates": [
          2.95445462115574,
          3.2482068670649795
        ]
      },
      "properties": {
        "epoch": "z3_1",
        "cluster": 0,
        "intensity": 1.0
      }
    },
    {
      "type": "Feature",
      "geometry": {
        "type": "Point",
        "coordinates": [
          3.0398640152106164,
          3.2686742721158004
        ]
      },
      "properties": {
        "epoch": "z3_1",
        "cluster": 0,
        "intensity": 1.0
      }
    },
    {
      "type": "Feature",
      "geometry": {
        "type": "Point",
        "coordinates": [
          3.2672283373280684,
          2.6922735435381173
        ]
      },
      "properties": {
        "epoch": "z3_1",
        "cluster": 0,
        "intensity": 1.0
      }
    },
    {
      "type": "Feature",
      "geometry": {
        "type": "Point",
        "coordinates": [
          3.5320742478921208,
          2.998749821797817
        ]
      },
      "properties": {
        "epoch": "z3_1",
        "cluster": 0,
        "intensity": 1.0
      }
    },
    {
      "type": "Feature",
      "geometry": {
        "type": "Point",
        "coordinates": [
          3.166524940406611,
          2.8825618971775775
        ]
      },
      "properties": {
        "epoch": "z3_1",
        "cluster": 0,
        "intensity": 1.0
      }
    },
    {
      "type": "Feature",
      "geometry": {
        "type": "Point",
        "coordinates": [
          3.136429180828111,
          3.256972610173729
        ]
      },
      "properties": {
        "epoch": "z3_1",
        "cluster": 0,
        "intensity": 1.0
      }
    },
    {
      "type": "Feature",
      "geometry": {
        "type": "Point",
        "coordinates": [
          3.2526889147658986,
          3.2321655005706202
        ]
      },
      "properties": {
        "epoch": "z3_1",
        "cluster": 0,
        "intensity": 1.0
      }
    },
    {
      "type": "Feature",
      "geometry": {
        "type": "Point",
        "coordinates": [
          3.3904804634822105,
          3.4801654138820415
        ]
      },
      "properties": {
        "epoch": "z3_1",
        "cluster": 0,
        "intensity": 1.0
      }
    },
    {
      "type": "Feature",
      "geometry": {
        "type": "Point",
        "coordinates": [
          3.214303462283905,
          2.780785545788567
        ]
      },
      "properties": {
        "epoch": "z3_1",
        "cluster": 0,
        "intensity": 1.0
      }
    },
    {
      "type": "Feature",
      "geometry": {
        "type": "Point",
        "coordinates": [
          3.5668056041429956,
          3.0671279569756864
        ]
      },
      "properties": {
        "epoch": "z3_1",
        "cluster": 0,
        "intensity": 1.0
      }
    },
    {
      "type": "Feature",
      "geometry": {
        "type": "Point",
        "coordinates": [
          3.5786481111443442,
          3.2458442782956176
        ]
      },
      "properties": {
        "epoch": "z3_1",
        "cluster": 0,
        "intensity": 1.0
      }
    },
    {
      "type": "Feature",
      "geometry": {
        "type": "Point",
        "coordinates": [
          3.2672156174491636,
          3.2371939735115736
        ]
      },
      "properties": {
        "epoch": "z3_1",
        "cluster": 0,
        "intensity": 1.0
      }
    },
    {
      "type": "Feature",
      "geometry": {
        "type": "Point",
        "coordinates": [
          3.7877531400315747,
          3.669245132263438
        ]
      },
      "properties": {
        "epoch": "z3_1",
        "cluster": 0,
        "intensity": 1.0
      }
    },
    {
      "type": "Feature",
      "geometry": {
        "type": "Point",
        "coordinates": [
          3.3173452837831947,
          3.190047648329269
        ]
      },
      "properties": {
        "epoch": "z3_1",
        "cluster": 0,
        "intensity": 1.0
      }
    },
    {
      "type": "Feature",
      "geometry": {
        "type": "Point",
        "coordinates": [
          3.569060039366596,
          2.938584741808163
        ]
      },
      "properties": {
        "epoch": "z3_1",
        "cluster": 0,
        "intensity": 1.0
      }
    },
    {
      "type": "Feature",
      "geometry": {
        "type": "Point",
        "coordinates": [
          3.3832675931545637,
          3.143534288011536
        ]
      },
      "properties": {
        "epoch": "z3_1",
        "cluster": 0,
        "intensity": 1.0
      }
    },
    {
      "type": "Feature",
      "geometry": {
        "type": "Point",
        "coordinates": [
          3.378477052864388,
          2.9416577985126486
        ]
      },
      "properties": {
        "epoch": "z3_1",
        "cluster": 0,
        "intensity": 1.0
      }
    },
    {
      "type": "Feature",
      "geometry": {
        "type": "Point",
        "coordinates": [
          2.9026081266727575,
          2.631754141002177
        ]
      },
      "properties": {
        "epoch": "z3_1",
        "cluster": 0,
        "intensity": 1.0
      }
    },
    {
      "type": "Feature",
      "geometry": {
        "type": "Point",
        "coordinates": [
          3.0206539717525978,
          3.0353311787651664
        ]
      },
      "properties": {
        "epoch": "z3_1",
        "cluster": 0,
        "intensity": 1.0
      }
    },
    {
      "type": "Feature",
      "geometry": {
        "type": "Point",
        "coordinates": [
          3.2267021033378094,
          3.6343077906073793
        ]
      },
      "properties": {
        "epoch": "z3_1",
        "cluster": 0,
        "intensity": 1.0
      }
    },
    {
      "type": "Feature",
      "geometry": {
        "type": "Point",
        "coordinates": [
          3.576498342476824,
          2.909477220914593
        ]
      },
      "properties": {
        "epoch": "z3_1",
        "cluster": 0,
        "intensity": 1.0
      }
    },
    {
      "type": "Feature",
      "geometry": {
        "type": "Point",
        "coordinates": [
          3.386927113112739,
          3.048230440912419
        ]
      },
      "properties": {
        "epoch": "z3_1",
        "cluster": 0,
        "intensity": 1.0
      }
    },
    {
      "type": "Feature",
      "geometry": {
        "type": "Point",
        "coordinates": [
          3.228909040489976,
          3.1963314123538455
        ]
      },
      "properties": {
        "epoch": "z3_1",
        "cluster": 0,
        "intensity": 1.0
      }
    },
    {
      "type": "Feature",
      "geometry": {
        "type": "Point",
        "coordinates": [
          3.454792779243848,
          3.0651853790289962
        ]
      },
      "properties": {
        "epoch": "z3_1",
        "cluster": 0,
        "intensity": 1.0
      }
    },
    {
      "type": "Feature",
      "geometry": {
        "type": "Point",
        "coordinates": [
          3.5659628831835892,
          2.864515443464399
        ]
      },
      "properties": {
        "epoch": "z3_1",
        "cluster": 0,
        "intensity": 1.0
      }
    },
    {
      "type": "Feature",
      "geometry": {
        "type": "Point",
        "coordinates": [
          3.301584765590567,
          3.799418431648958
        ]
      },
      "properties": {
        "epoch": "z3_1",
        "cluster": 0,
        "intensity": 1.0
      }
    },
    {
      "type": "Feature",
      "geometry": {
        "type": "Point",
        "coordinates": [
          7.355769935656318,
          4.008303626651543
        ]
      },
      "properties": {
        "epoch": "z3_1",
        "cluster": 1,
        "intensity": 1.0
      }
    },
    {
      "type": "Feature",
      "geometry": {
        "type": "Point",
        "coordinates": [
          7.322880044543302,
          3.795194273832449
        ]
      },
      "properties": {
        "epoch": "z3_1",
        "cluster": 1,
        "intensity": 1.0
      }
    },
    {
      "type": "Feature",
      "geometry": {
        "type": "Point",
        "coordinates": [
          7.2858042014018265,
          3.607398104708949
        ]
      },
      "properties": {
        "epoch": "z3_1",
        "cluster": 1,
        "intensity": 1.0
      }
    },
    {
      "type": "Feature",
      "geometry": {
        "type": "Point",
        "coordinates": [
          7.105129400818645,
          3.7575753397393883
        ]
      },
      "properties": {
        "epoch": "z3_1",
        "cluster": 1,
        "intensity": 1.0
      }
    },
    {
      "type": "Feature",
      "geometry": {
        "type": "Point",
        "coordinates": [
          7.087115702703558,
          3.8163963090783573
        ]
      },
      "properties": {
        "epoch": "z3_1",
        "cluster": 1,
        "intensity": 1.0
      }
    },
    {
      "type": "Feature",
      "geometry": {
        "type": "Point",
        "coordinates": [
          7.571321751111477,
          3.7416328518093076
        ]
      },
      "properties": {
        "epoch": "z3_1",
        "cluster": 1,
        "intensity": 1.0
      }
    },
    {
      "type": "Feature",
      "geometry": {
        "type": "Point",
        "coordinates": [
          7.228437816611077,
          3.7634913948271738
        ]
      },
      "properties": {
        "epoch": "z3_1",
        "cluster": 1,
        "intensity": 1.0
      }
    },
    {
      "type": "Feature",
      "geometry": {
        "type": "Point",
        "coordinates": [
          7.222831736113396,
          3.883886781366287
        ]
      },
      "properties": {
        "epoch": "z3_1",
        "cluster": 1,
        "intensity": 1.0
      }
    },
    {
      "type": "Feature",
      "geometry": {
        "type": "Point",
        "coordinates": [
          6.842148478946219,
          3.5660981579703384
        ]
      },
      "properties": {
        "epoch": "z3_1",
        "cluster": 1,
        "intensity": 1.0
      }
    },
    {
      "type": "Feature",
      "geometry": {
        "type": "Point",
        "coordinates": [
          6.802297001219,
          3.2762347924431987
        ]
      },
      "properties": {
        "epoch": "z3_1",
        "cluster": 1,
        "intensity": 1.0
      }
    },
    {
      "type": "Feature",
      "geometry": {
        "type": "Point",
        "coordinates": [
          7.640965557453477,
          3.8737962454929216
        ]
      },
      "properties": {
        "epoch": "z3_1",
        "cluster": 1,
        "intensity": 1.0
      }
    },
    {
      "type": "Feature",
      "geometry": {
        "type": "Point",
        "coordinates": [
          7.120129941678802,
          3.274374135989776
        ]
      },
      "properties": {
        "epoch": "z3_1",
        "cluster": 1,
        "intensity": 1.0
      }
    },
    {
      "type": "Feature",
      "geometry": {
        "type": "Point",
        "coordinates": [
          6.558867790539587,
          3.5141261230168412
        ]
      },
      "properties": {
        "epoch": "z3_1",
        "cluster": 1,
        "intensity": 1.0
      }
    },
    {
      "type": "Feature",
      "geometry": {
        "type": "Point",
        "coordinates": [
          7.905103753061851,
          3.7587210678659115
        ]
      },
      "properties": {
        "epoch": "z3_1",
        "cluster": 1,
        "intensity": 1.0
      }
    },
    {
      "type": "Feature",
      "geometry": {
        "type": "Point",
        "coordinates": [
          7.160106928487627,
          3.7662700523750763
        ]
      },
      "properties": {
        "epoch": "z3_1",
        "cluster": 1,
        "intensity": 1.0
      }
    },
    {
      "type": "Feature",
      "geometry": {
        "type": "Point",
        "coordinates": [
          6.909760411751389,
          3.575669159325591
        ]
      },
      "properties": {
        "epoch": "z3_1",
        "cluster": 1,
        "intensity": 1.0
      }
    },
    {
      "type": "Feature",
      "geometry": {
        "type": "Point",
        "coordinates": [
          7.3248693682539345,
          3.6284748370447377
        ]
      },
      "properties": {
        "epoch": "z3_1",
        "cluster": 1,
        "intensity": 1.0
      }
    },
    {
      "type": "Feature",
      "geometry": {
        "type": "Point",
        "coordinates": [
          7.49770153042252,
          3.736161306559013
        ]
      },
      "properties": {
        "epoch": "z3_1",
        "cluster": 1,
        "intensity": 1.0
      }
    },
    {
      "type": "Feature",
      "geometry": {
        "type": "Point",
        "coordinates": [
          7.467081504526999,
          3.47790692944231
        ]
      },
      "properties": {
        "epoch": "z3_1",
        "cluster": 1,
        "intensity": 1.0
      }
    },
    {
      "type": "Feature",
      "geometry": {
        "type": "Point",
        "coordinates": [
          7.524453852102637,
          4.057234236905998
        ]
      },
      "properties": {
        "epoch": "z3_1",
        "cluster": 1,
        "intensity": 1.0
      }
    },
    {
      "type": "Feature",
      "geometry": {
        "type": "Point",
        "coordinates": [
          7.057462620087147,
          3.42807608607136
        ]
      },
      "properties": {
        "epoch": "z3_1",
        "cluster": 1,
        "intensity": 1.0
      }
    },
    {
      "type": "Feature",
      "geometry": {
        "type": "Point",
        "coordinates": [
          7.633946084080058,
          3.602164003326235
        ]
      },
      "properties": {
        "epoch": "z3_1",
        "cluster": 1,
        "intensity": 1.0
      }
    },
    {
      "type": "Feature",
      "geometry": {
        "type": "Point",
        "coordinates": [
          7.650955348016639,
          3.539366072026954
        ]
      },
      "properties": {
        "epoch": "z3_1",
        "cluster": 1,
        "intensity": 1.0
      }
    },
    {
      "type": "Feature",
      "geometry": {
        "type": "Point",
        "coordinates": [
          7.663761394067677,
          3.6828714542013627
        ]
      },
      "properties": {
        "epoch": "z3_1",
        "cluster": 1,
        "intensity": 1.0
      }
    },
    {
      "type": "Feature",
      "geometry": {
        "type": "Point",
        "coordinates": [
          7.364557205830674,
          4.041179505417476
        ]
      },
      "properties": {
        "epoch": "z3_1",
        "cluster": 1,
        "intensity": 1.0
      }
    },
    {
      "type": "Feature",
      "geometry": {
        "type": "Point",
        "coordinates": [
          7.209557380638957,
          3.4147194760187602
        ]
      },
      "properties": {
        "epoch": "z3_1",
        "cluster": 1,
        "intensity": 1.0
      }
    },
    {
      "type": "Feature",
      "geometry": {
        "type": "Point",
        "coordinates": [
          7.187858947992911,
          3.7630834876607846
        ]
      },
      "properties": {
        "epoch": "z3_1",
        "cluster": 1,
        "intensity": 1.0
      }
    },
    {
      "type": "Feature",
      "geometry": {
        "type": "Point",
        "coordinates": [
          6.908560231954871,
          3.8093677256627805
        ]
      },
      "properties": {
        "epoch": "z3_1",
        "cluster": 1,
        "intensity": 1.0
      }
    },
    {
      "type": "Feature",
      "geometry": {
        "type": "Point",
        "coordinates": [
          7.165307170595564,
          3.936953165183391
        ]
      },
      "properties": {
        "epoch": "z3_1",
        "cluster": 1,
        "intensity": 1.0
      }
    },
    {
      "type": "Feature",
      "geometry": {
        "type": "Point",
        "coordinates": [
          6.701434923774882,
          3.4533585562239577
        ]
      },
      "properties": {
        "epoch": "z3_1",
        "cluster": 1,
        "intensity": 1.0
      }
    },
    {
      "type": "Feature",
      "geometry": {
        "type": "Point",
        "coordinates": [
          6.878382962191474,
          3.4434426334090116
        ]
      },
      "properties": {
        "epoch": "z3_1",
        "cluster": 1,
        "intensity": 1.0
      }
    },
    {
      "type": "Feature",
      "geometry": {
        "type": "Point",
        "coordinates": [
          7.361916475277235,
          3.6051933436375614
        ]
      },
      "properties": {
        "epoch": "z3_1",
        "cluster": 1,
        "intensity": 1.0
      }
    },
    {
      "type": "Feature",
      "geometry": {
        "type": "Point",
        "coordinates": [
          7.236655607762996,
          3.6102037821549846
        ]
      },
      "properties": {
        "epoch": "z3_1",
        "cluster": 1,
        "intensity": 1.0
      }
    },
    {
      "type": "Feature",
      "geometry": {
        "type": "Point",
        "coordinates": [
          7.350847060154986,
          3.397865989514223
        ]
      },
      "properties": {
        "epoch": "z3_1",
        "cluster": 1,
        "intensity": 1.0
      }
    },
    {
      "type": "Feature",
      "geometry": {
        "type": "Point",
        "coordinates": [
          7.476712410224763,
          3.815666492596371
        ]
      },
      "properties": {
        "epoch": "z3_1",
        "cluster": 1,
        "intensity": 1.0
      }
    },
    {
      "type": "Feature",
      "geometry": {
        "type": "Point",
        "coordinates": [
          7.396259484414025,
          3.7891333606878157
        ]
      },
      "properties": {
        "epoch": "z3_1",
        "cluster": 1,
        "intensity": 1.0
      }
    },
    {
      "type": "Feature",
      "geometry": {
        "type": "Point",
        "coordinates": [
          7.374104500202165,
          4.158768325682766
        ]
      },
      "properties": {
        "epoch": "z3_1",
        "cluster": 1,
        "intensity": 1.0
      }
    },
    {
      "type": "Feature",
      "geometry": {
        "type": "Point",
        "coordinates": [
          7.2782264572368724,
          3.5732291954163555
        ]
      },
      "properties": {
        "epoch": "z3_1",
        "cluster": 1,
        "intensity": 1.0
      }
    },
    {
      "type": "Feature",
      "geometry": {
        "type": "Point",
        "coordinates": [
          7.111618104910655,
          3.391934332355541
        ]
      },
      "properties": {
        "epoch": "z3_1",
        "cluster": 1,
        "intensity": 1.0
      }
    },
    {
      "type": "Feature",
      "geometry": {
        "type": "Point",
        "coordinates": [
          6.988882053099731,
          3.42780067169227
        ]
      },
      "properties": {
        "epoch": "z3_1",
        "cluster": 1,
        "intensity": 1.0
      }
    },
    {
      "type": "Feature",
      "geometry": {
        "type": "Point",
        "coordinates": [
          7.282329904586982,
          3.7335737821244286
        ]
      },
      "properties": {
        "epoch": "z3_1",
        "cluster": 1,
        "intensity": 1.0
      }
    },
    {
      "type": "Feature",
      "geometry": {
        "type": "Point",
        "coordinates": [
          7.3127855146380405,
          3.4586161806425717
        ]
      },
      "properties": {
        "epoch": "z3_1",
        "cluster": 1,
        "intensity": 1.0
      }
    },
    {
      "type": "Feature",
      "geometry": {
        "type": "Point",
        "coordinates": [
          7.5250461410049905,
          3.8348531680752367
        ]
      },
      "properties": {
        "epoch": "z3_1",
        "cluster": 1,
        "intensity": 1.0
      }
    },
    {
      "type": "Feature",
      "geometry": {
        "type": "Point",
        "coordinates": [
          7.2600879231444955,
          3.486770963833822
        ]
      },
      "properties": {
        "epoch": "z3_1",
        "cluster": 1,
        "intensity": 1.0
      }
    },
    {
      "type": "Feature",
      "geometry": {
        "type": "Point",
        "coordinates": [
          7.437106980207449,
          3.696993396871526
        ]
      },
      "properties": {
        "epoch": "z3_1",
        "cluster": 1,
        "intensity": 1.0
      }
    },
    {
      "type": "Feature",
      "geometry": {
        "type": "Point",
        "coordinates": [
          6.937968185146238,
          3.6330049360038985
        ]
      },
      "properties": {
        "epoch": "z3_1",
        "cluster": 1,
        "intensity": 1.0
      }
    },
    {
      "type": "Feature",
      "geometry": {
        "type": "Point",
        "coordinates": [
          7.365508953018595,
          3.4250763033780616
        ]
      },
      "properties": {
        "epoch": "z3_1",
        "cluster": 1,
        "intensity": 1.0
      }
    },
    {
      "type": "Feature",
      "geometry": {
        "type": "Point",
        "coordinates": [
          7.34746084820936,
          3.2862943786855525
        ]
      },
      "properties": {
        "epoch": "z3_1",
        "cluster": 1,
        "intensity": 1.0
      }
    },
    {
      "type": "Feature",
      "geometry": {
        "type": "Point",
        "coordinates": [
          7.6340465250030425,
          3.961987496264858
        ]
      },
      "properties": {
        "epoch": "z3_1",
        "cluster": 1,
        "intensity": 1.0
      }
    },
    {
      "type": "Feature",
      "geometry": {
        "type": "Point",
        "coordinates": [
          7.236870666424259,
          3.740863584459768
        ]
      },
      "properties": {
        "epoch": "z3_1",
        "cluster": 1,
        "intensity": 1.0
      }
    },
    {
      "type": "Feature",
      "geometry": {
        "type": "Point",
        "coordinates": [
          6.697519508550031,
          3.360913084933667
        ]
      },
      "properties": {
        "epoch": "z3_1",
        "cluster": 1,
        "intensity": 1.0
      }
    },
    {
      "type": "Feature",
      "geometry": {
        "type": "Point",
        "coordinates": [
          7.226555269961968,
          3.381966744643285
        ]
      },
      "properties": {
        "epoch": "z3_1",
        "cluster": 1,
        "intensity": 1.0
      }
    },
    {
      "type": "Feature",
      "geometry": {
        "type": "Point",
        "coordinates": [
          7.478599120657664,
          4.149324132686998
        ]
      },
      "properties": {
        "epoch": "z3_1",
        "cluster": 1,
        "intensity": 1.0
      }
    },
    {
      "type": "Feature",
      "geometry": {
        "type": "Point",
        "coordinates": [
          7.005846320142674,
          3.4406341489787016
        ]
      },
      "properties": {
        "epoch": "z3_1",
        "cluster": 1,
        "intensity": 1.0
      }
    },
    {
      "type": "Feature",
      "geometry": {
        "type": "Point",
        "coordinates": [
          7.358862092077483,
          4.052779037124905
        ]
      },
      "properties": {
        "epoch": "z3_1",
        "cluster": 1,
        "intensity": 1.0
      }
    },
    {
      "type": "Feature",
      "geometry": {
        "type": "Point",
        "coordinates": [
          6.994406421865024,
          3.7122590305767353
        ]
      },
      "properties": {
        "epoch": "z3_1",
        "cluster": 1,
        "intensity": 1.0
      }
    },
    {
      "type": "Feature",
      "geometry": {
        "type": "Point",
        "coordinates": [
          7.755324712703277,
          3.237060212955183
        ]
      },
      "properties": {
        "epoch": "z3_1",
        "cluster": 1,
        "intensity": 1.0
      }
    },
    {
      "type": "Feature",
      "geometry": {
        "type": "Point",
        "coordinates": [
          6.979732698288542,
          3.5440983483847903
        ]
      },
      "properties": {
        "epoch": "z3_1",
        "cluster": 1,
        "intensity": 1.0
      }
    },
    {
      "type": "Feature",
      "geometry": {
        "type": "Point",
        "coordinates": [
          7.169852896786147,
          3.853150321938411
        ]
      },
      "properties": {
        "epoch": "z3_1",
        "cluster": 1,
        "intensity": 1.0
      }
    },
    {
      "type": "Feature",
      "geometry": {
        "type": "Point",
        "coordinates": [
          7.360414929955209,
          3.206259485089468
        ]
      },
      "properties": {
        "epoch": "z3_1",
        "cluster": 1,
        "intensity": 1.0
      }
    },
    {
      "type": "Feature",
      "geometry": {
        "type": "Point",
        "coordinates": [
          5.928852600725203,
          7.005615278161088
        ]
      },
      "properties": {
        "epoch": "z3_1",
        "cluster": 2,
        "intensity": 1.0
      }
    },
    {
      "type": "Feature",
      "geometry": {
        "type": "Point",
        "coordinates": [
          6.11861180423531,
          6.99310311589077
        ]
      },
      "properties": {
        "epoch": "z3_1",
        "cluster": 2,
        "intensity": 1.0
      }
    },
    {
      "type": "Feature",
      "geometry": {
        "type": "Point",
        "coordinates": [
          5.640846179224441,
          7.285282902701133
        ]
      },
      "properties": {
        "epoch": "z3_1",
        "cluster": 2,
        "intensity": 1.0
      }
    },
    {
      "type": "Feature",
      "geometry": {
        "type": "Point",
        "coordinates": [
          5.990731620584234,
          7.2620248409840515
        ]
      },
      "properties": {
        "epoch": "z3_1",
        "cluster": 2,
        "intensity": 1.0
      }
    },
    {
      "type": "Feature",
      "geometry": {
        "type": "Point",
        "coordinates": [
          5.378600670653798,
          7.284508609982063
        ]
      },
      "properties": {
        "epoch": "z3_1",
        "cluster": 2,
        "intensity": 1.0
      }
    },
    {
      "type": "Feature",
      "geometry": {
        "type": "Point",
        "coordinates": [
          5.5414229870814005,
          7.208819027897066
        ]
      },
      "properties": {
        "epoch": "z3_1",
        "cluster": 2,
        "intensity": 1.0
      }
    },
    {
      "type": "Feature",
      "geometry": {
        "type": "Point",
        "coordinates": [
          5.444066391150235,
          7.261580536885766
        ]
      },
      "properties": {
        "epoch": "z3_1",
        "cluster": 2,
        "intensity": 1.0
      }
    },
    {
      "type": "Feature",
      "geometry": {
        "type": "Point",
        "coordinates": [
          5.598350273923157,
          6.82934133743487
        ]
      },
      "properties": {
        "epoch": "z3_1",
        "cluster": 2,
        "intensity": 1.0
      }
    },
    {
      "type": "Feature",
      "geometry": {
        "type": "Point",
        "coordinates": [
          5.9784550341206,
          7.210411130419188
        ]
      },
      "properties": {
        "epoch": "z3_1",
        "cluster": 2,
        "intensity": 1.0
      }
    },
    {
      "type": "Feature",
      "geometry": {
        "type": "Point",
        "coordinates": [
          5.646505799651775,
          7.512794712255267
        ]
      },
      "properties": {
        "epoch": "z3_1",
        "cluster": 2,
        "intensity": 1.0
      }
    },
    {
      "type": "Feature",
      "geometry": {
        "type": "Point",
        "coordinates": [
          5.689836894607565,
          7.158026918492734
        ]
      },
      "properties": {
        "epoch": "z3_1",
        "cluster": 2,
        "intensity": 1.0
      }
    },
    {
      "type": "Feature",
      "geometry": {
        "type": "Point",
        "coordinates": [
          5.86722836191965,
          6.995083516467847
        ]
      },
      "properties": {
        "epoch": "z3_1",
        "cluster": 2,
        "intensity": 1.0
      }
    },
    {
      "type": "Feature",
      "geometry": {
        "type": "Point",
        "coordinates": [
          5.917784073349982,
          7.016636913208819
        ]
      },
      "properties": {
        "epoch": "z3_1",
        "cluster": 2,
        "intensity": 1.0
      }
    },
    {
      "type": "Feature",
      "geometry": {
        "type": "Point",
        "coordinates": [
          5.6970904194459475,
          7.490660659950835
        ]
      },
      "properties": {
        "epoch": "z3_1",
        "cluster": 2,
        "intensity": 1.0
      }
    },
    {
      "type": "Feature",
      "geometry": {
        "type": "Point",
        "coordinates": [
          5.539853486871891,
          6.546804917267628
        ]
      },
      "properties": {
        "epoch": "z3_1",
        "cluster": 2,
        "intensity": 1.0
      }
    },
    {
      "type": "Feature",
      "geometry": {
        "type": "Point",
        "coordinates": [
          6.202734248752973,
          7.787331988151751
        ]
      },
      "properties": {
        "epoch": "z3_1",
        "cluster": 2,
        "intensity": 1.0
      }
    },
    {
      "type": "Feature",
      "geometry": {
        "type": "Point",
        "coordinates": [
          5.698682683637667,
          6.665790489844954
        ]
      },
      "properties": {
        "epoch": "z3_1",
        "cluster": 2,
        "intensity": 1.0
      }
    },
    {
      "type": "Feature",
      "geometry": {
        "type": "Point",
        "coordinates": [
          5.722379005951014,
          7.078444262539833
        ]
      },
      "properties": {
        "epoch": "z3_1",
        "cluster": 2,
        "intensity": 1.0
      }
    },
    {
      "type": "Feature",
      "geometry": {
        "type": "Point",
        "coordinates": [
          5.752519039744436,
          6.871652989519538
        ]
      },
      "properties": {
        "epoch": "z3_1",
        "cluster": 2,
        "intensity": 1.0
      }
    },
    {
      "type": "Feature",
      "geometry": {
        "type": "Point",
        "coordinates": [
          5.9448902856191195,
          7.2811268438215215
        ]
      },
      "properties": {
        "epoch": "z3_1",
        "cluster": 2,
        "intensity": 1.0
      }
    },
    {
      "type": "Feature",
      "geometry": {
        "type": "Point",
        "coordinates": [
          5.426398595045173,
          7.324799182923722
        ]
      },
      "properties": {
        "epoch": "z3_1",
        "cluster": 2,
        "intensity": 1.0
      }
    },
    {
      "type": "Feature",
      "geometry": {
        "type": "Point",
        "coordinates": [
          6.313171245486473,
          7.192990083109265
        ]
      },
      "properties": {
        "epoch": "z3_1",
        "cluster": 2,
        "intensity": 1.0
      }
    },
    {
      "type": "Feature",
      "geometry": {
        "type": "Point",
        "coordinates": [
          5.715668709482873,
          7.11449919639812
        ]
      },
      "properties": {
        "epoch": "z3_1",
        "cluster": 2,
        "intensity": 1.0
      }
    },
    {
      "type": "Feature",
      "geometry": {
        "type": "Point",
        "coordinates": [
          5.95381419174214,
          6.717332098623196
        ]
      },
      "properties": {
        "epoch": "z3_1",
        "cluster": 2,
        "intensity": 1.0
      }
    },
    {
      "type": "Feature",
      "geometry": {
        "type": "Point",
        "coordinates": [
          5.841097675744326,
          7.052384012634298
        ]
      },
      "properties": {
        "epoch": "z3_1",
        "cluster": 2,
        "intensity": 1.0
      }
    },
    {
      "type": "Feature",
      "geometry": {
        "type": "Point",
        "coordinates": [
          6.261956253239012,
          7.106456816548761
        ]
      },
      "properties": {
        "epoch": "z3_1",
        "cluster": 2,
        "intensity": 1.0
      }
    },
    {
      "type": "Feature",
      "geometry": {
        "type": "Point",
        "coordinates": [
          6.21697190277988,
          6.874064825554498
        ]
      },
      "properties": {
        "epoch": "z3_1",
        "cluster": 2,
        "intensity": 1.0
      }
    },
    {
      "type": "Feature",
      "geometry": {
        "type": "Point",
        "coordinates": [
          5.946814791700698,
          7.229850065947808
        ]
      },
      "properties": {
        "epoch": "z3_1",
        "cluster": 2,
        "intensity": 1.0
      }
    },
    {
      "type": "Feature",
      "geometry": {
        "type": "Point",
        "coordinates": [
          5.5827381880338045,
          7.194349028659236
        ]
      },
      "properties": {
        "epoch": "z3_1",
        "cluster": 2,
        "intensity": 1.0
      }
    },
    {
      "type": "Feature",
      "geometry": {
        "type": "Point",
        "coordinates": [
          6.1031297092078995,
          7.06905207392835
        ]
      },
      "properties": {
        "epoch": "z3_1",
        "cluster": 2,
        "intensity": 1.0
      }
    },
    {
      "type": "Feature",
      "geometry": {
        "type": "Point",
        "coordinates": [
          5.377009337707559,
          7.145609293380639
        ]
      },
      "properties": {
        "epoch": "z3_1",
        "cluster": 2,
        "intensity": 1.0
      }
    },
    {
      "type": "Feature",
      "geometry": {
        "type": "Point",
        "coordinates": [
          5.574394226301871,
          7.06441476533403
        ]
      },
      "properties": {
        "epoch": "z3_1",
        "cluster": 2,
        "intensity": 1.0
      }
    },
    {
      "type": "Feature",
      "geometry": {
        "type": "Point",
        "coordinates": [
          5.779603057578719,
          6.7235869459961215
        ]
      },
      "properties": {
        "epoch": "z3_1",
        "cluster": 2,
        "intensity": 1.0
      }
    },
    {
      "type": "Feature",
      "geometry": {
        "type": "Point",
        "coordinates": [
          5.39608541516983,
          7.270516708881382
        ]
      },
      "properties": {
        "epoch": "z3_1",
        "cluster": 2,
        "intensity": 1.0
      }
    },
    {
      "type": "Feature",
      "geometry": {
        "type": "Point",
        "coordinates": [
          5.66932032595758,
          6.5088139145448585
        ]
      },
      "properties": {
        "epoch": "z3_1",
        "cluster": 2,
        "intensity": 1.0
      }
    },
    {
      "type": "Feature",
      "geometry": {
        "type": "Point",
        "coordinates": [
          5.9962110091520335,
          7.2180924388185606
        ]
      },
      "properties": {
        "epoch": "z3_1",
        "cluster": 2,
        "intensity": 1.0
      }
    },
    {
      "type": "Feature",
      "geometry": {
        "type": "Point",
        "coordinates": [
          5.621531293990879,
          6.82079244723544
        ]
      },
      "properties": {
        "epoch": "z3_1",
        "cluster": 2,
        "intensity": 1.0
      }
    },
    {
      "type": "Feature",
      "geometry": {
        "type": "Point",
        "coordinates": [
          6.008951974078584,
          7.237337655640108
        ]
      },
      "properties": {
        "epoch": "z3_1",
        "cluster": 2,
        "intensity": 1.0
      }
    },
    {
      "type": "Feature",
      "geometry": {
        "type": "Point",
        "coordinates": [
          6.395650570671018,
          7.255047149681235
        ]
      },
      "properties": {
        "epoch": "z3_1",
        "cluster": 2,
        "intensity": 1.0
      }
    },
    {
      "type": "Feature",
      "geometry": {
        "type": "Point",
        "coordinates": [
          5.896925785315504,
          7.108268017472859
        ]
      },
      "properties": {
        "epoch": "z3_1",
        "cluster": 2,
        "intensity": 1.0
      }
    },
    {
      "type": "Feature",
      "geometry": {
        "type": "Point",
        "coordinates": [
          6.004193966800198,
          7.306271300312039
        ]
      },
      "properties": {
        "epoch": "z3_1",
        "cluster": 2,
        "intensity": 1.0
      }
    },
    {
      "type": "Feature",
      "geometry": {
        "type": "Point",
        "coordinates": [
          6.112931252141299,
          7.019669270340679
        ]
      },
      "properties": {
        "epoch": "z3_1",
        "cluster": 2,
        "intensity": 1.0
      }
    },
    {
      "type": "Feature",
      "geometry": {
        "type": "Point",
        "coordinates": [
          5.69114813176401,
          7.030224207272005
        ]
      },
      "properties": {
        "epoch": "z3_1",
        "cluster": 2,
        "intensity": 1.0
      }
    },
    {
      "type": "Feature",
      "geometry": {
        "type": "Point",
        "coordinates": [
          5.997700430294747,
          7.5245936100741835
        ]
      },
      "properties": {
        "epoch": "z3_1",
        "cluster": 2,
        "intensity": 1.0
      }
    },
    {
      "type": "Feature",
      "geometry": {
        "type": "Point",
        "coordinates": [
          5.685289876712675,
          7.0438065680517274
        ]
      },
      "properties": {
        "epoch": "z3_1",
        "cluster": 2,
        "intensity": 1.0
      }
    },
    {
      "type": "Feature",
      "geometry": {
        "type": "Point",
        "coordinates": [
          5.878519305967449,
          7.088559624996775
        ]
      },
      "properties": {
        "epoch": "z3_1",
        "cluster": 2,
        "intensity": 1.0
      }
    },
    {
      "type": "Feature",
      "geometry": {
        "type": "Point",
        "coordinates": [
          6.038013413284972,
          6.587055677345239
        ]
      },
      "properties": {
        "epoch": "z3_1",
        "cluster": 2,
        "intensity": 1.0
      }
    },
    {
      "type": "Feature",
      "geometry": {
        "type": "Point",
        "coordinates": [
          5.593323738270776,
          6.954395916509639
        ]
      },
      "properties": {
        "epoch": "z3_1",
        "cluster": 2,
        "intensity": 1.0
      }
    },
    {
      "type": "Feature",
      "geometry": {
        "type": "Point",
        "coordinates": [
          5.219910996903463,
          6.909090388907799
        ]
      },
      "properties": {
        "epoch": "z3_1",
        "cluster": 2,
        "intensity": 1.0
      }
    },
    {
      "type": "Feature",
      "geometry": {
        "type": "Point",
        "coordinates": [
          5.571210971038519,
          7.099723836370293
        ]
      },
      "properties": {
        "epoch": "z3_1",
        "cluster": 2,
        "intensity": 1.0
      }
    },
    {
      "type": "Feature",
      "geometry": {
        "type": "Point",
        "coordinates": [
          6.078241472915066,
          7.088734837202325
        ]
      },
      "properties": {
        "epoch": "z3_1",
        "cluster": 2,
        "intensity": 1.0
      }
    },
    {
      "type": "Feature",
      "geometry": {
        "type": "Point",
        "coordinates": [
          5.542296569932211,
          7.135761364696618
        ]
      },
      "properties": {
        "epoch": "z3_1",
        "cluster": 2,
        "intensity": 1.0
      }
    },
    {
      "type": "Feature",
      "geometry": {
        "type": "Point",
        "coordinates": [
          6.062293405360337,
          6.906010295971274
        ]
      },
      "properties": {
        "epoch": "z3_1",
        "cluster": 2,
        "intensity": 1.0
      }
    },
    {
      "type": "Feature",
      "geometry": {
        "type": "Point",
        "coordinates": [
          5.572356279019638,
          7.289637239818556
        ]
      },
      "properties": {
        "epoch": "z3_1",
        "cluster": 2,
        "intensity": 1.0
      }
    },
    {
      "type": "Feature",
      "geometry": {
        "type": "Point",
        "coordinates": [
          5.7446159710673,
          7.311871172677369
        ]
      },
      "properties": {
        "epoch": "z3_1",
        "cluster": 2,
        "intensity": 1.0
      }
    },
    {
      "type": "Feature",
      "geometry": {
        "type": "Point",
        "coordinates": [
          5.796588302051176,
          7.325415912022392
        ]
      },
      "properties": {
        "epoch": "z3_1",
        "cluster": 2,
        "intensity": 1.0
      }
    },
    {
      "type": "Feature",
      "geometry": {
        "type": "Point",
        "coordinates": [
          5.54123047148984,
          7.1469788373029335
        ]
      },
      "properties": {
        "epoch": "z3_1",
        "cluster": 2,
        "intensity": 1.0
      }
    },
    {
      "type": "Feature",
      "geometry": {
        "type": "Point",
        "coordinates": [
          5.747327496409211,
          6.846027268973968
        ]
      },
      "properties": {
        "epoch": "z3_1",
        "cluster": 2,
        "intensity": 1.0
      }
    },
    {
      "type": "Feature",
      "geometry": {
        "type": "Point",
        "coordinates": [
          5.409130513032828,
          7.321437258818666
        ]
      },
      "properties": {
        "epoch": "z3_1",
        "cluster": 2,
        "intensity": 1.0
      }
    },
    {
      "type": "Feature",
      "geometry": {
        "type": "Point",
        "coordinates": [
          5.712261904445505,
          6.894429929588168
        ]
      },
      "properties": {
        "epoch": "z3_1",
        "cluster": 2,
        "intensity": 1.0
      }
    },
    {
      "type": "Feature",
      "geometry": {
        "type": "Point",
        "coordinates": [
          3.575955265769167,
          3.5820047143373257
        ]
      },
      "properties": {
        "epoch": "z4_5",
        "cluster": 0,
        "intensity": 1.0
      }
    },
    {
      "type": "Feature",
      "geometry": {
        "type": "Point",
        "coordinates": [
          3.0298155386570196,
          2.9258403275241682
        ]
      },
      "properties": {
        "epoch": "z4_5",
        "cluster": 0,
        "intensity": 1.0
      }
    },
    {
      "type": "Feature",
      "geometry": {
        "type": "Point",
        "coordinates": [
          3.3692783895261833,
          3.665294716680082
        ]
      },
      "properties": {
        "epoch": "z4_5",
        "cluster": 0,
        "intensity": 1.0
      }
    },
    {
      "type": "Feature",
      "geometry": {
        "type": "Point",
        "coordinates": [
          3.670646745729824,
          3.4918293101153064
        ]
      },
      "properties": {
        "epoch": "z4_5",
        "cluster": 0,
        "intensity": 1.0
      }
    },
    {
      "type": "Feature",
      "geometry": {
        "type": "Point",
        "coordinates": [
          3.3149597702184423,
          3.0201160311823685
        ]
      },
      "properties": {
        "epoch": "z4_5",
        "cluster": 0,
        "intensity": 1.0
      }
    },
    {
      "type": "Feature",
      "geometry": {
        "type": "Point",
        "coordinates": [
          3.7119534291806775,
          3.3145685827338616
        ]
      },
      "properties": {
        "epoch": "z4_5",
        "cluster": 0,
        "intensity": 1.0
      }
    },
    {
      "type": "Feature",
      "geometry": {
        "type": "Point",
        "coordinates": [
          3.737184704716032,
          3.2530822522678866
        ]
      },
      "properties": {
        "epoch": "z4_5",
        "cluster": 0,
        "intensity": 1.0
      }
    },
    {
      "type": "Feature",
      "geometry": {
        "type": "Point",
        "coordinates": [
          3.6695359316136567,
          3.3395297712262773
        ]
      },
      "properties": {
        "epoch": "z4_5",
        "cluster": 0,
        "intensity": 1.0
      }
    },
    {
      "type": "Feature",
      "geometry": {
        "type": "Point",
        "coordinates": [
          3.7944418472712313,
          3.5017520704861176
        ]
      },
      "properties": {
        "epoch": "z4_5",
        "cluster": 0,
        "intensity": 1.0
      }
    },
    {
      "type": "Feature",
      "geometry": {
        "type": "Point",
        "coordinates": [
          3.1950320014020575,
          2.738182861164786
        ]
      },
      "properties": {
        "epoch": "z4_5",
        "cluster": 0,
        "intensity": 1.0
      }
    },
    {
      "type": "Feature",
      "geometry": {
        "type": "Point",
        "coordinates": [
          3.850436349412877,
          3.596931273315484
        ]
      },
      "properties": {
        "epoch": "z4_5",
        "cluster": 0,
        "intensity": 1.0
      }
    },
    {
      "type": "Feature",
      "geometry": {
        "type": "Point",
        "coordinates": [
          3.344844245121666,
          2.835041148363593
        ]
      },
      "properties": {
        "epoch": "z4_5",
        "cluster": 0,
        "intensity": 1.0
      }
    },
    {
      "type": "Feature",
      "geometry": {
        "type": "Point",
        "coordinates": [
          3.6247587052518004,
          3.532709556587632
        ]
      },
      "properties": {
        "epoch": "z4_5",
        "cluster": 0,
        "intensity": 1.0
      }
    },
    {
      "type": "Feature",
      "geometry": {
        "type": "Point",
        "coordinates": [
          4.049398630608579,
          3.4290743930253624
        ]
      },
      "properties": {
        "epoch": "z4_5",
        "cluster": 0,
        "intensity": 1.0
      }
    },
    {
      "type": "Feature",
      "geometry": {
        "type": "Point",
        "coordinates": [
          3.5070708258535763,
          3.076717344603784
        ]
      },
      "properties": {
        "epoch": "z4_5",
        "cluster": 0,
        "intensity": 1.0
      }
    },
    {
      "type": "Feature",
      "geometry": {
        "type": "Point",
        "coordinates": [
          3.602862822917664,
          3.2251838240286856
        ]
      },
      "properties": {
        "epoch": "z4_5",
        "cluster": 0,
        "intensity": 1.0
      }
    },
    {
      "type": "Feature",
      "geometry": {
        "type": "Point",
        "coordinates": [
          3.346233023567796,
          3.8121889127158215
        ]
      },
      "properties": {
        "epoch": "z4_5",
        "cluster": 0,
        "intensity": 1.0
      }
    },
    {
      "type": "Feature",
      "geometry": {
        "type": "Point",
        "coordinates": [
          4.046292100518033,
          3.584012170888857
        ]
      },
      "properties": {
        "epoch": "z4_5",
        "cluster": 0,
        "intensity": 1.0
      }
    },
    {
      "type": "Feature",
      "geometry": {
        "type": "Point",
        "coordinates": [
          3.369787400547718,
          3.5137548310743196
        ]
      },
      "properties": {
        "epoch": "z4_5",
        "cluster": 0,
        "intensity": 1.0
      }
    },
    {
      "type": "Feature",
      "geometry": {
        "type": "Point",
        "coordinates": [
          3.7599066023744756,
          3.410636406051013
        ]
      },
      "properties": {
        "epoch": "z4_5",
        "cluster": 0,
        "intensity": 1.0
      }
    },
    {
      "type": "Feature",
      "geometry": {
        "type": "Point",
        "coordinates": [
          3.9124163167609445,
          3.4588427857153192
        ]
      },
      "properties": {
        "epoch": "z4_5",
        "cluster": 0,
        "intensity": 1.0
      }
    },
    {
      "type": "Feature",
      "geometry": {
        "type": "Point",
        "coordinates": [
          3.7850035590760838,
          3.4592265708430525
        ]
      },
      "properties": {
        "epoch": "z4_5",
        "cluster": 0,
        "intensity": 1.0
      }
    },
    {
      "type": "Feature",
      "geometry": {
        "type": "Point",
        "coordinates": [
          3.6851978520005266,
          2.854097217571454
        ]
      },
      "properties": {
        "epoch": "z4_5",
        "cluster": 0,
        "intensity": 1.0
      }
    },
    {
      "type": "Feature",
      "geometry": {
        "type": "Point",
        "coordinates": [
          3.6209052693526393,
          3.1609520102877187
        ]
      },
      "properties": {
        "epoch": "z4_5",
        "cluster": 0,
        "intensity": 1.0
      }
    },
    {
      "type": "Feature",
      "geometry": {
        "type": "Point",
        "coordinates": [
          3.280039760589995,
          3.7204541548252057
        ]
      },
      "properties": {
        "epoch": "z4_5",
        "cluster": 0,
        "intensity": 1.0
      }
    },
    {
      "type": "Feature",
      "geometry": {
        "type": "Point",
        "coordinates": [
          4.032248835221426,
          3.6398051500739026
        ]
      },
      "properties": {
        "epoch": "z4_5",
        "cluster": 0,
        "intensity": 1.0
      }
    },
    {
      "type": "Feature",
      "geometry": {
        "type": "Point",
        "coordinates": [
          3.663803354213969,
          3.637656280238164
        ]
      },
      "properties": {
        "epoch": "z4_5",
        "cluster": 0,
        "intensity": 1.0
      }
    },
    {
      "type": "Feature",
      "geometry": {
        "type": "Point",
        "coordinates": [
          3.6030132951504563,
          3.3506993192244447
        ]
      },
      "properties": {
        "epoch": "z4_5",
        "cluster": 0,
        "intensity": 1.0
      }
    },
    {
      "type": "Feature",
      "geometry": {
        "type": "Point",
        "coordinates": [
          3.3266321573845046,
          3.39924782612471
        ]
      },
      "properties": {
        "epoch": "z4_5",
        "cluster": 0,
        "intensity": 1.0
      }
    },
    {
      "type": "Feature",
      "geometry": {
        "type": "Point",
        "coordinates": [
          3.6150964821061042,
          2.974336970791384
        ]
      },
      "properties": {
        "epoch": "z4_5",
        "cluster": 0,
        "intensity": 1.0
      }
    },
    {
      "type": "Feature",
      "geometry": {
        "type": "Point",
        "coordinates": [
          3.587200722045851,
          3.2800676090357976
        ]
      },
      "properties": {
        "epoch": "z4_5",
        "cluster": 0,
        "intensity": 1.0
      }
    },
    {
      "type": "Feature",
      "geometry": {
        "type": "Point",
        "coordinates": [
          4.04939029166116,
          3.523553332128352
        ]
      },
      "properties": {
        "epoch": "z4_5",
        "cluster": 0,
        "intensity": 1.0
      }
    },
    {
      "type": "Feature",
      "geometry": {
        "type": "Point",
        "coordinates": [
          3.6028613597728665,
          3.3621968274502705
        ]
      },
      "properties": {
        "epoch": "z4_5",
        "cluster": 0,
        "intensity": 1.0
      }
    },
    {
      "type": "Feature",
      "geometry": {
        "type": "Point",
        "coordinates": [
          3.6110530945260497,
          3.249271503801113
        ]
      },
      "properties": {
        "epoch": "z4_5",
        "cluster": 0,
        "intensity": 1.0
      }
    },
    {
      "type": "Feature",
      "geometry": {
        "type": "Point",
        "coordinates": [
          3.3293932006529285,
          3.2622370305982673
        ]
      },
      "properties": {
        "epoch": "z4_5",
        "cluster": 0,
        "intensity": 1.0
      }
    },
    {
      "type": "Feature",
      "geometry": {
        "type": "Point",
        "coordinates": [
          3.4134754358368715,
          2.987421115269213
        ]
      },
      "properties": {
        "epoch": "z4_5",
        "cluster": 0,
        "intensity": 1.0
      }
    },
    {
      "type": "Feature",
      "geometry": {
        "type": "Point",
        "coordinates": [
          3.7278054536368836,
          3.3978161649833085
        ]
      },
      "properties": {
        "epoch": "z4_5",
        "cluster": 0,
        "intensity": 1.0
      }
    },
    {
      "type": "Feature",
      "geometry": {
        "type": "Point",
        "coordinates": [
          3.1533231221579805,
          3.269328840626218
        ]
      },
      "properties": {
        "epoch": "z4_5",
        "cluster": 0,
        "intensity": 1.0
      }
    },
    {
      "type": "Feature",
      "geometry": {
        "type": "Point",
        "coordinates": [
          3.848925346474981,
          3.56480593472408
        ]
      },
      "properties": {
        "epoch": "z4_5",
        "cluster": 0,
        "intensity": 1.0
      }
    },
    {
      "type": "Feature",
      "geometry": {
        "type": "Point",
        "coordinates": [
          3.85645921072131,
          3.309728301725365
        ]
      },
      "properties": {
        "epoch": "z4_5",
        "cluster": 0,
        "intensity": 1.0
      }
    },
    {
      "type": "Feature",
      "geometry": {
        "type": "Point",
        "coordinates": [
          3.3887386680077123,
          3.0290752931604845
        ]
      },
      "properties": {
        "epoch": "z4_5",
        "cluster": 0,
        "intensity": 1.0
      }
    },
    {
      "type": "Feature",
      "geometry": {
        "type": "Point",
        "coordinates": [
          3.6861512261875893,
          3.3948200085912905
        ]
      },
      "properties": {
        "epoch": "z4_5",
        "cluster": 0,
        "intensity": 1.0
      }
    },
    {
      "type": "Feature",
      "geometry": {
        "type": "Point",
        "coordinates": [
          3.9218327779012663,
          3.5749949125855207
        ]
      },
      "properties": {
        "epoch": "z4_5",
        "cluster": 0,
        "intensity": 1.0
      }
    },
    {
      "type": "Feature",
      "geometry": {
        "type": "Point",
        "coordinates": [
          3.566942835867207,
          2.9889485302847825
        ]
      },
      "properties": {
        "epoch": "z4_5",
        "cluster": 0,
        "intensity": 1.0
      }
    },
    {
      "type": "Feature",
      "geometry": {
        "type": "Point",
        "coordinates": [
          3.5202233507472758,
          3.354307798702631
        ]
      },
      "properties": {
        "epoch": "z4_5",
        "cluster": 0,
        "intensity": 1.0
      }
    },
    {
      "type": "Feature",
      "geometry": {
        "type": "Point",
        "coordinates": [
          3.549479188652649,
          3.155526472980586
        ]
      },
      "properties": {
        "epoch": "z4_5",
        "cluster": 0,
        "intensity": 1.0
      }
    },
    {
      "type": "Feature",
      "geometry": {
        "type": "Point",
        "coordinates": [
          3.663221203742475,
          3.174010564647347
        ]
      },
      "properties": {
        "epoch": "z4_5",
        "cluster": 0,
        "intensity": 1.0
      }
    },
    {
      "type": "Feature",
      "geometry": {
        "type": "Point",
        "coordinates": [
          3.4429834790686566,
          3.3778632085758598
        ]
      },
      "properties": {
        "epoch": "z4_5",
        "cluster": 0,
        "intensity": 1.0
      }
    },
    {
      "type": "Feature",
      "geometry": {
        "type": "Point",
        "coordinates": [
          3.499501854967699,
          3.361026097244588
        ]
      },
      "properties": {
        "epoch": "z4_5",
        "cluster": 0,
        "intensity": 1.0
      }
    },
    {
      "type": "Feature",
      "geometry": {
        "type": "Point",
        "coordinates": [
          3.668301005713031,
          3.015142749727106
        ]
      },
      "properties": {
        "epoch": "z4_5",
        "cluster": 0,
        "intensity": 1.0
      }
    },
    {
      "type": "Feature",
      "geometry": {
        "type": "Point",
        "coordinates": [
          3.479689719033647,
          3.6594442349791154
        ]
      },
      "properties": {
        "epoch": "z4_5",
        "cluster": 0,
        "intensity": 1.0
      }
    },
    {
      "type": "Feature",
      "geometry": {
        "type": "Point",
        "coordinates": [
          3.3094801218164283,
          2.770836387757367
        ]
      },
      "properties": {
        "epoch": "z4_5",
        "cluster": 0,
        "intensity": 1.0
      }
    },
    {
      "type": "Feature",
      "geometry": {
        "type": "Point",
        "coordinates": [
          3.1345387116893724,
          3.307277486644167
        ]
      },
      "properties": {
        "epoch": "z4_5",
        "cluster": 0,
        "intensity": 1.0
      }
    },
    {
      "type": "Feature",
      "geometry": {
        "type": "Point",
        "coordinates": [
          3.607729319508175,
          3.27059728614372
        ]
      },
      "properties": {
        "epoch": "z4_5",
        "cluster": 0,
        "intensity": 1.0
      }
    },
    {
      "type": "Feature",
      "geometry": {
        "type": "Point",
        "coordinates": [
          3.9035474572321256,
          2.6317913917242652
        ]
      },
      "properties": {
        "epoch": "z4_5",
        "cluster": 0,
        "intensity": 1.0
      }
    },
    {
      "type": "Feature",
      "geometry": {
        "type": "Point",
        "coordinates": [
          3.698983468607706,
          3.6903595504508933
        ]
      },
      "properties": {
        "epoch": "z4_5",
        "cluster": 0,
        "intensity": 1.0
      }
    },
    {
      "type": "Feature",
      "geometry": {
        "type": "Point",
        "coordinates": [
          3.3180548087770716,
          3.2050483720525262
        ]
      },
      "properties": {
        "epoch": "z4_5",
        "cluster": 0,
        "intensity": 1.0
      }
    },
    {
      "type": "Feature",
      "geometry": {
        "type": "Point",
        "coordinates": [
          3.411777020692845,
          3.076413488480618
        ]
      },
      "properties": {
        "epoch": "z4_5",
        "cluster": 0,
        "intensity": 1.0
      }
    },
    {
      "type": "Feature",
      "geometry": {
        "type": "Point",
        "coordinates": [
          3.51843449874424,
          3.656871320921126
        ]
      },
      "properties": {
        "epoch": "z4_5",
        "cluster": 0,
        "intensity": 1.0
      }
    },
    {
      "type": "Feature",
      "geometry": {
        "type": "Point",
        "coordinates": [
          4.05934666887188,
          3.216015193739963
        ]
      },
      "properties": {
        "epoch": "z4_5",
        "cluster": 0,
        "intensity": 1.0
      }
    },
    {
      "type": "Feature",
      "geometry": {
        "type": "Point",
        "coordinates": [
          8.076265053516117,
          3.808894119246156
        ]
      },
      "properties": {
        "epoch": "z4_5",
        "cluster": 1,
        "intensity": 1.0
      }
    },
    {
      "type": "Feature",
      "geometry": {
        "type": "Point",
        "coordinates": [
          8.03842275667527,
          3.776675337586627
        ]
      },
      "properties": {
        "epoch": "z4_5",
        "cluster": 1,
        "intensity": 1.0
      }
    },
    {
      "type": "Feature",
      "geometry": {
        "type": "Point",
        "coordinates": [
          7.632764456511536,
          3.8913686181607083
        ]
      },
      "properties": {
        "epoch": "z4_5",
        "cluster": 1,
        "intensity": 1.0
      }
    },
    {
      "type": "Feature",
      "geometry": {
        "type": "Point",
        "coordinates": [
          8.394713419841883,
          4.012821393711197
        ]
      },
      "properties": {
        "epoch": "z4_5",
        "cluster": 1,
        "intensity": 1.0
      }
    },
    {
      "type": "Feature",
      "geometry": {
        "type": "Point",
        "coordinates": [
          7.423183867512134,
          4.042249467568964
        ]
      },
      "properties": {
        "epoch": "z4_5",
        "cluster": 1,
        "intensity": 1.0
      }
    },
    {
      "type": "Feature",
      "geometry": {
        "type": "Point",
        "coordinates": [
          7.509541865728914,
          3.6775624542746974
        ]
      },
      "properties": {
        "epoch": "z4_5",
        "cluster": 1,
        "intensity": 1.0
      }
    },
    {
      "type": "Feature",
      "geometry": {
        "type": "Point",
        "coordinates": [
          7.827150339973027,
          3.807771396942788
        ]
      },
      "properties": {
        "epoch": "z4_5",
        "cluster": 1,
        "intensity": 1.0
      }
    },
    {
      "type": "Feature",
      "geometry": {
        "type": "Point",
        "coordinates": [
          7.669643978627951,
          3.803496305466323
        ]
      },
      "properties": {
        "epoch": "z4_5",
        "cluster": 1,
        "intensity": 1.0
      }
    },
    {
      "type": "Feature",
      "geometry": {
        "type": "Point",
        "coordinates": [
          7.684145781651359,
          3.906241474359037
        ]
      },
      "properties": {
        "epoch": "z4_5",
        "cluster": 1,
        "intensity": 1.0
      }
    },
    {
      "type": "Feature",
      "geometry": {
        "type": "Point",
        "coordinates": [
          7.115758266823645,
          3.9666431671523834
        ]
      },
      "properties": {
        "epoch": "z4_5",
        "cluster": 1,
        "intensity": 1.0
      }
    },
    {
      "type": "Feature",
      "geometry": {
        "type": "Point",
        "coordinates": [
          7.354495145042424,
          3.439425216110147
        ]
      },
      "properties": {
        "epoch": "z4_5",
        "cluster": 1,
        "intensity": 1.0
      }
    },
    {
      "type": "Feature",
      "geometry": {
        "type": "Point",
        "coordinates": [
          7.585397189035329,
          3.8209952508286134
        ]
      },
      "properties": {
        "epoch": "z4_5",
        "cluster": 1,
        "intensity": 1.0
      }
    },
    {
      "type": "Feature",
      "geometry": {
        "type": "Point",
        "coordinates": [
          7.4266234588569295,
          4.007757964416993
        ]
      },
      "properties": {
        "epoch": "z4_5",
        "cluster": 1,
        "intensity": 1.0
      }
    },
    {
      "type": "Feature",
      "geometry": {
        "type": "Point",
        "coordinates": [
          7.264456208407273,
          3.69826406280686
        ]
      },
      "properties": {
        "epoch": "z4_5",
        "cluster": 1,
        "intensity": 1.0
      }
    },
    {
      "type": "Feature",
      "geometry": {
        "type": "Point",
        "coordinates": [
          7.45378146626675,
          3.788353182415165
        ]
      },
      "properties": {
        "epoch": "z4_5",
        "cluster": 1,
        "intensity": 1.0
      }
    },
    {
      "type": "Feature",
      "geometry": {
        "type": "Point",
        "coordinates": [
          7.669716071161809,
          3.5480267625941138
        ]
      },
      "properties": {
        "epoch": "z4_5",
        "cluster": 1,
        "intensity": 1.0
      }
    },
    {
      "type": "Feature",
      "geometry": {
        "type": "Point",
        "coordinates": [
          7.781070669364056,
          3.815750592083675
        ]
      },
      "properties": {
        "epoch": "z4_5",
        "cluster": 1,
        "intensity": 1.0
      }
    },
    {
      "type": "Feature",
      "geometry": {
        "type": "Point",
        "coordinates": [
          7.127013436672022,
          3.310352139900742
        ]
      },
      "properties": {
        "epoch": "z4_5",
        "cluster": 1,
        "intensity": 1.0
      }
    },
    {
      "type": "Feature",
      "geometry": {
        "type": "Point",
        "coordinates": [
          7.5969201767676715,
          3.7447581705534114
        ]
      },
      "properties": {
        "epoch": "z4_5",
        "cluster": 1,
        "intensity": 1.0
      }
    },
    {
      "type": "Feature",
      "geometry": {
        "type": "Point",
        "coordinates": [
          7.574144971606342,
          3.7930043858674454
        ]
      },
      "properties": {
        "epoch": "z4_5",
        "cluster": 1,
        "intensity": 1.0
      }
    },
    {
      "type": "Feature",
      "geometry": {
        "type": "Point",
        "coordinates": [
          7.6563899598775444,
          4.036912402462074
        ]
      },
      "properties": {
        "epoch": "z4_5",
        "cluster": 1,
        "intensity": 1.0
      }
    },
    {
      "type": "Feature",
      "geometry": {
        "type": "Point",
        "coordinates": [
          7.3222237747706105,
          3.5070071017748012
        ]
      },
      "properties": {
        "epoch": "z4_5",
        "cluster": 1,
        "intensity": 1.0
      }
    },
    {
      "type": "Feature",
      "geometry": {
        "type": "Point",
        "coordinates": [
          7.326669035528154,
          3.8722291667921764
        ]
      },
      "properties": {
        "epoch": "z4_5",
        "cluster": 1,
        "intensity": 1.0
      }
    },
    {
      "type": "Feature",
      "geometry": {
        "type": "Point",
        "coordinates": [
          7.911236844661611,
          3.6921651404401223
        ]
      },
      "properties": {
        "epoch": "z4_5",
        "cluster": 1,
        "intensity": 1.0
      }
    },
    {
      "type": "Feature",
      "geometry": {
        "type": "Point",
        "coordinates": [
          6.9745750389600865,
          3.374001784347406
        ]
      },
      "properties": {
        "epoch": "z4_5",
        "cluster": 1,
        "intensity": 1.0
      }
    },
    {
      "type": "Feature",
      "geometry": {
        "type": "Point",
        "coordinates": [
          7.391740819300996,
          3.6605677781261963
        ]
      },
      "properties": {
        "epoch": "z4_5",
        "cluster": 1,
        "intensity": 1.0
      }
    },
    {
      "type": "Feature",
      "geometry": {
        "type": "Point",
        "coordinates": [
          7.497902843186318,
          3.809645280745229
        ]
      },
      "properties": {
        "epoch": "z4_5",
        "cluster": 1,
        "intensity": 1.0
      }
    },
    {
      "type": "Feature",
      "geometry": {
        "type": "Point",
        "coordinates": [
          7.522063417294388,
          4.062334902635851
        ]
      },
      "properties": {
        "epoch": "z4_5",
        "cluster": 1,
        "intensity": 1.0
      }
    },
    {
      "type": "Feature",
      "geometry": {
        "type": "Point",
        "coordinates": [
          7.430995673579657,
          3.584420510131114
        ]
      },
      "properties": {
        "epoch": "z4_5",
        "cluster": 1,
        "intensity": 1.0
      }
    },
    {
      "type": "Feature",
      "geometry": {
        "type": "Point",
        "coordinates": [
          7.719718884630115,
          3.41608948251847
        ]
      },
      "properties": {
        "epoch": "z4_5",
        "cluster": 1,
        "intensity": 1.0
      }
    },
    {
      "type": "Feature",
      "geometry": {
        "type": "Point",
        "coordinates": [
          7.69742292633,
          3.8256382959315665
        ]
      },
      "properties": {
        "epoch": "z4_5",
        "cluster": 1,
        "intensity": 1.0
      }
    },
    {
      "type": "Feature",
      "geometry": {
        "type": "Point",
        "coordinates": [
          7.563139377520458,
          4.197069026787315
        ]
      },
      "properties": {
        "epoch": "z4_5",
        "cluster": 1,
        "intensity": 1.0
      }
    },
    {
      "type": "Feature",
      "geometry": {
        "type": "Point",
        "coordinates": [
          7.44444813867632,
          4.315074542631019
        ]
      },
      "properties": {
        "epoch": "z4_5",
        "cluster": 1,
        "intensity": 1.0
      }
    },
    {
      "type": "Feature",
      "geometry": {
        "type": "Point",
        "coordinates": [
          7.5436421376929745,
          3.480745888757443
        ]
      },
      "properties": {
        "epoch": "z4_5",
        "cluster": 1,
        "intensity": 1.0
      }
    },
    {
      "type": "Feature",
      "geometry": {
        "type": "Point",
        "coordinates": [
          7.617479895248706,
          3.530938699920308
        ]
      },
      "properties": {
        "epoch": "z4_5",
        "cluster": 1,
        "intensity": 1.0
      }
    },
    {
      "type": "Feature",
      "geometry": {
        "type": "Point",
        "coordinates": [
          7.412061038046625,
          3.899258325003873
        ]
      },
      "properties": {
        "epoch": "z4_5",
        "cluster": 1,
        "intensity": 1.0
      }
    },
    {
      "type": "Feature",
      "geometry": {
        "type": "Point",
        "coordinates": [
          7.738895522162531,
          3.6444580749364355
        ]
      },
      "properties": {
        "epoch": "z4_5",
        "cluster": 1,
        "intensity": 1.0
      }
    },
    {
      "type": "Feature",
      "geometry": {
        "type": "Point",
        "coordinates": [
          7.8468512862616,
          4.089376939505283
        ]
      },
      "properties": {
        "epoch": "z4_5",
        "cluster": 1,
        "intensity": 1.0
      }
    },
    {
      "type": "Feature",
      "geometry": {
        "type": "Point",
        "coordinates": [
          7.959075439140823,
          3.93235335178143
        ]
      },
      "properties": {
        "epoch": "z4_5",
        "cluster": 1,
        "intensity": 1.0
      }
    },
    {
      "type": "Feature",
      "geometry": {
        "type": "Point",
        "coordinates": [
          7.9408571780214245,
          3.3298003930064852
        ]
      },
      "properties": {
        "epoch": "z4_5",
        "cluster": 1,
        "intensity": 1.0
      }
    },
    {
      "type": "Feature",
      "geometry": {
        "type": "Point",
        "coordinates": [
          7.520523362842884,
          3.583248685919143
        ]
      },
      "properties": {
        "epoch": "z4_5",
        "cluster": 1,
        "intensity": 1.0
      }
    },
    {
      "type": "Feature",
      "geometry": {
        "type": "Point",
        "coordinates": [
          7.629806465281848,
          3.6571376952008157
        ]
      },
      "properties": {
        "epoch": "z4_5",
        "cluster": 1,
        "intensity": 1.0
      }
    },
    {
      "type": "Feature",
      "geometry": {
        "type": "Point",
        "coordinates": [
          7.558460539512566,
          4.270543720051013
        ]
      },
      "properties": {
        "epoch": "z4_5",
        "cluster": 1,
        "intensity": 1.0
      }
    },
    {
      "type": "Feature",
      "geometry": {
        "type": "Point",
        "coordinates": [
          7.557570050894905,
          3.9034480792975534
        ]
      },
      "properties": {
        "epoch": "z4_5",
        "cluster": 1,
        "intensity": 1.0
      }
    },
    {
      "type": "Feature",
      "geometry": {
        "type": "Point",
        "coordinates": [
          7.541932667518941,
          3.8189283219892083
        ]
      },
      "properties": {
        "epoch": "z4_5",
        "cluster": 1,
        "intensity": 1.0
      }
    },
    {
      "type": "Feature",
      "geometry": {
        "type": "Point",
        "coordinates": [
          7.601504170109018,
          3.9120810164932895
        ]
      },
      "properties": {
        "epoch": "z4_5",
        "cluster": 1,
        "intensity": 1.0
      }
    },
    {
      "type": "Feature",
      "geometry": {
        "type": "Point",
        "coordinates": [
          7.891326883886794,
          4.2118484994008325
        ]
      },
      "properties": {
        "epoch": "z4_5",
        "cluster": 1,
        "intensity": 1.0
      }
    },
    {
      "type": "Feature",
      "geometry": {
        "type": "Point",
        "coordinates": [
          7.677405020477291,
          3.9473867215089005
        ]
      },
      "properties": {
        "epoch": "z4_5",
        "cluster": 1,
        "intensity": 1.0
      }
    },
    {
      "type": "Feature",
      "geometry": {
        "type": "Point",
        "coordinates": [
          7.312283872703608,
          3.778030814396095
        ]
      },
      "properties": {
        "epoch": "z4_5",
        "cluster": 1,
        "intensity": 1.0
      }
    },
    {
      "type": "Feature",
      "geometry": {
        "type": "Point",
        "coordinates": [
          7.8350723662208965,
          4.016492159604288
        ]
      },
      "properties": {
        "epoch": "z4_5",
        "cluster": 1,
        "intensity": 1.0
      }
    },
    {
      "type": "Feature",
      "geometry": {
        "type": "Point",
        "coordinates": [
          7.652902433198762,
          4.021598489891988
        ]
      },
      "properties": {
        "epoch": "z4_5",
        "cluster": 1,
        "intensity": 1.0
      }
    },
    {
      "type": "Feature",
      "geometry": {
        "type": "Point",
        "coordinates": [
          7.722691677248454,
          4.10007656456483
        ]
      },
      "properties": {
        "epoch": "z4_5",
        "cluster": 1,
        "intensity": 1.0
      }
    },
    {
      "type": "Feature",
      "geometry": {
        "type": "Point",
        "coordinates": [
          7.6723397892392775,
          3.711075421107241
        ]
      },
      "properties": {
        "epoch": "z4_5",
        "cluster": 1,
        "intensity": 1.0
      }
    },
    {
      "type": "Feature",
      "geometry": {
        "type": "Point",
        "coordinates": [
          7.683960314233255,
          3.067351406036806
        ]
      },
      "properties": {
        "epoch": "z4_5",
        "cluster": 1,
        "intensity": 1.0
      }
    },
    {
      "type": "Feature",
      "geometry": {
        "type": "Point",
        "coordinates": [
          7.695721434096262,
          2.887896793696304
        ]
      },
      "properties": {
        "epoch": "z4_5",
        "cluster": 1,
        "intensity": 1.0
      }
    },
    {
      "type": "Feature",
      "geometry": {
        "type": "Point",
        "coordinates": [
          7.169134148148645,
          3.9129421502352457
        ]
      },
      "properties": {
        "epoch": "z4_5",
        "cluster": 1,
        "intensity": 1.0
      }
    },
    {
      "type": "Feature",
      "geometry": {
        "type": "Point",
        "coordinates": [
          7.719382334316698,
          3.5093928049650174
        ]
      },
      "properties": {
        "epoch": "z4_5",
        "cluster": 1,
        "intensity": 1.0
      }
    },
    {
      "type": "Feature",
      "geometry": {
        "type": "Point",
        "coordinates": [
          7.421974489530265,
          4.142635247153533
        ]
      },
      "properties": {
        "epoch": "z4_5",
        "cluster": 1,
        "intensity": 1.0
      }
    },
    {
      "type": "Feature",
      "geometry": {
        "type": "Point",
        "coordinates": [
          7.47899246710683,
          4.360730078100746
        ]
      },
      "properties": {
        "epoch": "z4_5",
        "cluster": 1,
        "intensity": 1.0
      }
    },
    {
      "type": "Feature",
      "geometry": {
        "type": "Point",
        "coordinates": [
          7.599520036705913,
          3.9020090442203164
        ]
      },
      "properties": {
        "epoch": "z4_5",
        "cluster": 1,
        "intensity": 1.0
      }
    },
    {
      "type": "Feature",
      "geometry": {
        "type": "Point",
        "coordinates": [
          6.504218599624652,
          7.3327567790483545
        ]
      },
      "properties": {
        "epoch": "z4_5",
        "cluster": 2,
        "intensity": 1.0
      }
    },
    {
      "type": "Feature",
      "geometry": {
        "type": "Point",
        "coordinates": [
          5.849414004827299,
          7.272568137076427
        ]
      },
      "properties": {
        "epoch": "z4_5",
        "cluster": 2,
        "intensity": 1.0
      }
    },
    {
      "type": "Feature",
      "geometry": {
        "type": "Point",
        "coordinates": [
          6.091097315952477,
          6.958814586949608
        ]
      },
      "properties": {
        "epoch": "z4_5",
        "cluster": 2,
        "intensity": 1.0
      }
    },
    {
      "type": "Feature",
      "geometry": {
        "type": "Point",
        "coordinates": [
          6.036041982164794,
          7.114451976500641
        ]
      },
      "properties": {
        "epoch": "z4_5",
        "cluster": 2,
        "intensity": 1.0
      }
    },
    {
      "type": "Feature",
      "geometry": {
        "type": "Point",
        "coordinates": [
          6.331089439296858,
          7.308652968546314
        ]
      },
      "properties": {
        "epoch": "z4_5",
        "cluster": 2,
        "intensity": 1.0
      }
    },
    {
      "type": "Feature",
      "geometry": {
        "type": "Point",
        "coordinates": [
          6.029301062713107,
          7.273454517344356
        ]
      },
      "properties": {
        "epoch": "z4_5",
        "cluster": 2,
        "intensity": 1.0
      }
    },
    {
      "type": "Feature",
      "geometry": {
        "type": "Point",
        "coordinates": [
          6.155780504601541,
          7.454203549922445
        ]
      },
      "properties": {
        "epoch": "z4_5",
        "cluster": 2,
        "intensity": 1.0
      }
    },
    {
      "type": "Feature",
      "geometry": {
        "type": "Point",
        "coordinates": [
          5.850071942832654,
          7.039603091844682
        ]
      },
      "properties": {
        "epoch": "z4_5",
        "cluster": 2,
        "intensity": 1.0
      }
    },
    {
      "type": "Feature",
      "geometry": {
        "type": "Point",
        "coordinates": [
          6.376169803850632,
          7.196915781948817
        ]
      },
      "properties": {
        "epoch": "z4_5",
        "cluster": 2,
        "intensity": 1.0
      }
    },
    {
      "type": "Feature",
      "geometry": {
        "type": "Point",
        "coordinates": [
          5.745789476850781,
          7.410953177345776
        ]
      },
      "properties": {
        "epoch": "z4_5",
        "cluster": 2,
        "intensity": 1.0
      }
    },
    {
      "type": "Feature",
      "geometry": {
        "type": "Point",
        "coordinates": [
          6.215842451508172,
          6.917321185685823
        ]
      },
      "properties": {
        "epoch": "z4_5",
        "cluster": 2,
        "intensity": 1.0
      }
    },
    {
      "type": "Feature",
      "geometry": {
        "type": "Point",
        "coordinates": [
          6.157370428865901,
          7.483895773107093
        ]
      },
      "properties": {
        "epoch": "z4_5",
        "cluster": 2,
        "intensity": 1.0
      }
    },
    {
      "type": "Feature",
      "geometry": {
        "type": "Point",
        "coordinates": [
          6.193596612926566,
          7.457995370940349
        ]
      },
      "properties": {
        "epoch": "z4_5",
        "cluster": 2,
        "intensity": 1.0
      }
    },
    {
      "type": "Feature",
      "geometry": {
        "type": "Point",
        "coordinates": [
          5.748932725477312,
          7.382760038749049
        ]
      },
      "properties": {
        "epoch": "z4_5",
        "cluster": 2,
        "intensity": 1.0
      }
    },
    {
      "type": "Feature",
      "geometry": {
        "type": "Point",
        "coordinates": [
          6.024345060132388,
          7.179302460318839
        ]
      },
      "properties": {
        "epoch": "z4_5",
        "cluster": 2,
        "intensity": 1.0
      }
    },
    {
      "type": "Feature",
      "geometry": {
        "type": "Point",
        "coordinates": [
          6.317638902354931,
          7.669818627668557
        ]
      },
      "properties": {
        "epoch": "z4_5",
        "cluster": 2,
        "intensity": 1.0
      }
    },
    {
      "type": "Feature",
      "geometry": {
        "type": "Point",
        "coordinates": [
          6.54859251365009,
          7.628701967876476
        ]
      },
      "properties": {
        "epoch": "z4_5",
        "cluster": 2,
        "intensity": 1.0
      }
    },
    {
      "type": "Feature",
      "geometry": {
        "type": "Point",
        "coordinates": [
          6.072566454592454,
          7.388180040756586
        ]
      },
      "properties": {
        "epoch": "z4_5",
        "cluster": 2,
        "intensity": 1.0
      }
    },
    {
      "type": "Feature",
      "geometry": {
        "type": "Point",
        "coordinates": [
          6.29170571794606,
          7.330294487324865
        ]
      },
      "properties": {
        "epoch": "z4_5",
        "cluster": 2,
        "intensity": 1.0
      }
    },
    {
      "type": "Feature",
      "geometry": {
        "type": "Point",
        "coordinates": [
          6.132691046977886,
          7.505938282969045
        ]
      },
      "properties": {
        "epoch": "z4_5",
        "cluster": 2,
        "intensity": 1.0
      }
    },
    {
      "type": "Feature",
      "geometry": {
        "type": "Point",
        "coordinates": [
          6.085179338493517,
          7.1176782659065845
        ]
      },
      "properties": {
        "epoch": "z4_5",
        "cluster": 2,
        "intensity": 1.0
      }
    },
    {
      "type": "Feature",
      "geometry": {
        "type": "Point",
        "coordinates": [
          5.996381733541035,
          7.458477594433435
        ]
      },
      "properties": {
        "epoch": "z4_5",
        "cluster": 2,
        "intensity": 1.0
      }
    },
    {
      "type": "Feature",
      "geometry": {
        "type": "Point",
        "coordinates": [
          6.100748322799989,
          7.385052494217084
        ]
      },
      "properties": {
        "epoch": "z4_5",
        "cluster": 2,
        "intensity": 1.0
      }
    },
    {
      "type": "Feature",
      "geometry": {
        "type": "Point",
        "coordinates": [
          6.267519810550547,
          7.206289634275597
        ]
      },
      "properties": {
        "epoch": "z4_5",
        "cluster": 2,
        "intensity": 1.0
      }
    },
    {
      "type": "Feature",
      "geometry": {
        "type": "Point",
        "coordinates": [
          6.289062040907451,
          7.3947106508645986
        ]
      },
      "properties": {
        "epoch": "z4_5",
        "cluster": 2,
        "intensity": 1.0
      }
    },
    {
      "type": "Feature",
      "geometry": {
        "type": "Point",
        "coordinates": [
          5.79129672827213,
          7.660576197796561
        ]
      },
      "properties": {
        "epoch": "z4_5",
        "cluster": 2,
        "intensity": 1.0
      }
    },
    {
      "type": "Feature",
      "geometry": {
        "type": "Point",
        "coordinates": [
          5.974813814060771,
          6.886226164203704
        ]
      },
      "properties": {
        "epoch": "z4_5",
        "cluster": 2,
        "intensity": 1.0
      }
    },
    {
      "type": "Feature",
      "geometry": {
        "type": "Point",
        "coordinates": [
          5.838739072603424,
          7.044738709830419
        ]
      },
      "properties": {
        "epoch": "z4_5",
        "cluster": 2,
        "intensity": 1.0
      }
    },
    {
      "type": "Feature",
      "geometry": {
        "type": "Point",
        "coordinates": [
          6.113043329664383,
          7.231537373613441
        ]
      },
      "properties": {
        "epoch": "z4_5",
        "cluster": 2,
        "intensity": 1.0
      }
    },
    {
      "type": "Feature",
      "geometry": {
        "type": "Point",
        "coordinates": [
          6.015792008089852,
          7.45492549137062
        ]
      },
      "properties": {
        "epoch": "z4_5",
        "cluster": 2,
        "intensity": 1.0
      }
    },
    {
      "type": "Feature",
      "geometry": {
        "type": "Point",
        "coordinates": [
          6.1849688402981755,
          7.3790119676610715
        ]
      },
      "properties": {
        "epoch": "z4_5",
        "cluster": 2,
        "intensity": 1.0
      }
    },
    {
      "type": "Feature",
      "geometry": {
        "type": "Point",
        "coordinates": [
          6.202457114332173,
          7.45403366700056
        ]
      },
      "properties": {
        "epoch": "z4_5",
        "cluster": 2,
        "intensity": 1.0
      }
    },
    {
      "type": "Feature",
      "geometry": {
        "type": "Point",
        "coordinates": [
          5.573011664555639,
          7.208890436933885
        ]
      },
      "properties": {
        "epoch": "z4_5",
        "cluster": 2,
        "intensity": 1.0
      }
    },
    {
      "type": "Feature",
      "geometry": {
        "type": "Point",
        "coordinates": [
          5.554947483877632,
          7.309014981699448
        ]
      },
      "properties": {
        "epoch": "z4_5",
        "cluster": 2,
        "intensity": 1.0
      }
    },
    {
      "type": "Feature",
      "geometry": {
        "type": "Point",
        "coordinates": [
          6.098841756943913,
          7.5613830686974195
        ]
      },
      "properties": {
        "epoch": "z4_5",
        "cluster": 2,
        "intensity": 1.0
      }
    },
    {
      "type": "Feature",
      "geometry": {
        "type": "Point",
        "coordinates": [
          6.39690859818028,
          7.350693762063091
        ]
      },
      "properties": {
        "epoch": "z4_5",
        "cluster": 2,
        "intensity": 1.0
      }
    },
    {
      "type": "Feature",
      "geometry": {
        "type": "Point",
        "coordinates": [
          5.974909730650775,
          7.421290278136435
        ]
      },
      "properties": {
        "epoch": "z4_5",
        "cluster": 2,
        "intensity": 1.0
      }
    },
    {
      "type": "Feature",
      "geometry": {
        "type": "Point",
        "coordinates": [
          5.968020590668921,
          7.299651837139162
        ]
      },
      "properties": {
        "epoch": "z4_5",
        "cluster": 2,
        "intensity": 1.0
      }
    },
    {
      "type": "Feature",
      "geometry": {
        "type": "Point",
        "coordinates": [
          6.346534079240191,
          7.160557163502644
        ]
      },
      "properties": {
        "epoch": "z4_5",
        "cluster": 2,
        "intensity": 1.0
      }
    },
    {
      "type": "Feature",
      "geometry": {
        "type": "Point",
        "coordinates": [
          6.301419659810625,
          7.469350342173075
        ]
      },
      "properties": {
        "epoch": "z4_5",
        "cluster": 2,
        "intensity": 1.0
      }
    },
    {
      "type": "Feature",
      "geometry": {
        "type": "Point",
        "coordinates": [
          5.861302045717294,
          7.5434735320543504
        ]
      },
      "properties": {
        "epoch": "z4_5",
        "cluster": 2,
        "intensity": 1.0
      }
    },
    {
      "type": "Feature",
      "geometry": {
        "type": "Point",
        "coordinates": [
          6.2746415863428755,
          7.3254814718431644
        ]
      },
      "properties": {
        "epoch": "z4_5",
        "cluster": 2,
        "intensity": 1.0
      }
    },
    {
      "type": "Feature",
      "geometry": {
        "type": "Point",
        "coordinates": [
          5.909419135493087,
          7.085198495356107
        ]
      },
      "properties": {
        "epoch": "z4_5",
        "cluster": 2,
        "intensity": 1.0
      }
    },
    {
      "type": "Feature",
      "geometry": {
        "type": "Point",
        "coordinates": [
          5.965584355774244,
          7.4356486158229895
        ]
      },
      "properties": {
        "epoch": "z4_5",
        "cluster": 2,
        "intensity": 1.0
      }
    },
    {
      "type": "Feature",
      "geometry": {
        "type": "Point",
        "coordinates": [
          5.86109370814965,
          7.409378062154968
        ]
      },
      "properties": {
        "epoch": "z4_5",
        "cluster": 2,
        "intensity": 1.0
      }
    },
    {
      "type": "Feature",
      "geometry": {
        "type": "Point",
        "coordinates": [
          5.789561117780401,
          7.248982853890287
        ]
      },
      "properties": {
        "epoch": "z4_5",
        "cluster": 2,
        "intensity": 1.0
      }
    },
    {
      "type": "Feature",
      "geometry": {
        "type": "Point",
        "coordinates": [
          6.127411938643502,
          7.9112825362647285
        ]
      },
      "properties": {
        "epoch": "z4_5",
        "cluster": 2,
        "intensity": 1.0
      }
    },
    {
      "type": "Feature",
      "geometry": {
        "type": "Point",
        "coordinates": [
          5.755671086119908,
          7.6680036416225335
        ]
      },
      "properties": {
        "epoch": "z4_5",
        "cluster": 2,
        "intensity": 1.0
      }
    },
    {
      "type": "Feature",
      "geometry": {
        "type": "Point",
        "coordinates": [
          6.1374606034968195,
          7.402792979503991
        ]
      },
      "properties": {
        "epoch": "z4_5",
        "cluster": 2,
        "intensity": 1.0
      }
    },
    {
      "type": "Feature",
      "geometry": {
        "type": "Point",
        "coordinates": [
          6.129586978347051,
          7.411181704548808
        ]
      },
      "properties": {
        "epoch": "z4_5",
        "cluster": 2,
        "intensity": 1.0
      }
    },
    {
      "type": "Feature",
      "geometry": {
        "type": "Point",
        "coordinates": [
          6.061578723909495,
          7.663512545364364
        ]
      },
      "properties": {
        "epoch": "z4_5",
        "cluster": 2,
        "intensity": 1.0
      }
    },
    {
      "type": "Feature",
      "geometry": {
        "type": "Point",
        "coordinates": [
          5.985882213943819,
          7.5830586430448115
        ]
      },
      "properties": {
        "epoch": "z4_5",
        "cluster": 2,
        "intensity": 1.0
      }
    },
    {
      "type": "Feature",
      "geometry": {
        "type": "Point",
        "coordinates": [
          5.938908219946744,
          7.284937038399678
        ]
      },
      "properties": {
        "epoch": "z4_5",
        "cluster": 2,
        "intensity": 1.0
      }
    },
    {
      "type": "Feature",
      "geometry": {
        "type": "Point",
        "coordinates": [
          5.832009361927445,
          7.41375593008688
        ]
      },
      "properties": {
        "epoch": "z4_5",
        "cluster": 2,
        "intensity": 1.0
      }
    },
    {
      "type": "Feature",
      "geometry": {
        "type": "Point",
        "coordinates": [
          6.4612814892316335,
          7.2806609550447865
        ]
      },
      "properties": {
        "epoch": "z4_5",
        "cluster": 2,
        "intensity": 1.0
      }
    },
    {
      "type": "Feature",
      "geometry": {
        "type": "Point",
        "coordinates": [
          6.050778575324022,
          7.021345759233018
        ]
      },
      "properties": {
        "epoch": "z4_5",
        "cluster": 2,
        "intensity": 1.0
      }
    },
    {
      "type": "Feature",
      "geometry": {
        "type": "Point",
        "coordinates": [
          6.042676836611923,
          6.9018014350696175
        ]
      },
      "properties": {
        "epoch": "z4_5",
        "cluster": 2,
        "intensity": 1.0
      }
    },
    {
      "type": "Feature",
      "geometry": {
        "type": "Point",
        "coordinates": [
          5.871780503320293,
          7.356696511527284
        ]
      },
      "properties": {
        "epoch": "z4_5",
        "cluster": 2,
        "intensity": 1.0
      }
    },
    {
      "type": "Feature",
      "geometry": {
        "type": "Point",
        "coordinates": [
          6.429753299435348,
          8.002302715307376
        ]
      },
      "properties": {
        "epoch": "z4_5",
        "cluster": 2,
        "intensity": 1.0
      }
    },
    {
      "type": "Feature",
      "geometry": {
        "type": "Point",
        "coordinates": [
          5.953353728732274,
          7.65882503916136
        ]
      },
      "properties": {
        "epoch": "z4_5",
        "cluster": 2,
        "intensity": 1.0
      }
    }
  ]
}