{
  "type": "FeatureCollection",
  "name": "cosmic-web",
  "features": [
    {
      "type": "Feature",
      "geometry": {
        "type": "Point",
        "coordinates": [2.963977417605518, 2.95677409991712]
      },
      "properties": {
        "epoch": "z2_4",
        "cluster": 0,
        "intensity": 1.0
      }
    },
    {
      "type": "Feature",
      "geometry": {
        "type": "Point",
        "coordinates": [2.9721710346080843, 3.1754959312747157]
      },
      "properties": {
        "epoch": "z2_4",
        "cluster": 0,
        "intensity": 1.0
      }
    },
    {
      "type": "Feature",
      "geometry": {
        "type": "Point",
        "coordinates": [2.9681029290542784, 2.625661646414761]
      },
      "properties": {
        "epoch": "z2_4",
        "cluster": 0,
        "intensity": 1.0
      }
    },
    {
      "type": "Feature",
      "geometry": {
        "type": "Point",
        "coordinates": [3.083079586016929, 2.933165630375708]
      },
      "properties": {
        "epoch": "z2_4",
        "cluster": 0,
        "intensity": 1.0
      }
    },
    {
      "type": "Feature",
      "geometry": {
        "type": "Point",
        "coordinates": [2.945760328963701, 3.0289711966752138]
      },
      "properties": {
        "epoch": "z2_4",
        "cluster": 0,
        "intensity": 1.0
      }
    },
    {
      "type": "Feature",
      "geometry": {
        "type": "Point",
        "coordinates": [3.0580744342266803, 3.2908896716497855]
      },
      "properties": {
        "epoch": "z2_4",
        "cluster": 0,
        "intensity": 1.0
      }
    },
    {
      "type": "Feature",
      "geometry": {
        "type": "Point",
        "coordinates": [3.1641591266996674, 3.027626794360958]
      },
      "properties": {
        "epoch": "z2_4",
        "cluster": 0,
        "intensity": 1.0
      }
    },
    {
      "type": "Feature",
      "geometry": {
        "type": "Point",
        "coordinates": [2.815419599413795, 2.746334408128071]
      },
      "properties": {
        "epoch": "z2_4",
        "cluster": 0,
        "intensity": 1.0
      }
    },
    {
      "type": "Feature",
      "geometry": {
        "type": "Point",
        "coordinates": [3.0615855488028005, 3.327770206801012]
      },
      "properties": {
        "epoch": "z2_4",
        "cluster": 0,
        "intensity": 1.0
      }
    },
    {
      "type": "Feature",
      "geometry": {
        "type": "Point",
        "coordinates": [3.010414215975846, 2.973419176557304]
      },
      "properties": {
        "epoch": "z2_4",
        "cluster": 0,
        "intensity": 1.0
      }
    },
    {
      "type": "Feature",
      "geometry": {
        "type": "Point",
        "coordinates": [3.1329440551002175, 2.6366136754978307]
      },
      "properties": {
        "epoch": "z2_4",
        "cluster": 0,
        "intensity": 1.0
      }
    },
    {
      "type": "Feature",
      "geometry": {
        "type": "Point",
        "coordinates": [2.92193067071386, 3.122590633148381]
      },
      "properties": {
        "epoch": "z2_4",
        "cluster": 0,
        "intensity": 1.0
      }
    },
    {
      "type": "Feature",
      "geometry": {
        "type": "Point",
        "coordinates": [3.2183510963448616, 2.939842581836216]
      },
      "properties": {
        "epoch": "z2_4",
        "cluster": 0,
        "intensity": 1.0
      }
    },
    {
      "type": "Feature",
      "geometry": {
        "type": "Point",
        "coordinates": [3.0941499646719777, 3.0620533623321036]
      },
      "properties": {
        "epoch": "z2_4",
        "cluster": 0,
        "intensity": 1.0
      }
    },
    {
      "type": "Feature",
      "geometry": {
        "type": "Point",
        "coordinates": [3.1955817021759105, 2.7216944464379567]
      },
      "properties": {
        "epoch": "z2_4",
        "cluster": 0,
        "intensity": 1.0
      }
    },
    {
      "type": "Feature",
      "geometry": {
        "type": "Point",
        "coordinates": [3.1420626718963462, 2.621369902068715]
      },
      "properties": {
        "epoch": "z2_4",
        "cluster": 0,
        "intensity": 1.0
      }
    },
    {
      "type": "Feature",
      "geometry": {
        "type": "Point",
        "coordinates": [2.345013644445287, 2.8482773179501244]
      },
      "properties": {
        "epoch": "z2_4",
        "cluster": 0,
        "intensity": 1.0
      }
    },
    {
      "type": "Feature",
      "geometry": {
        "type": "Point",
        "coordinates": [2.7710474884135015, 3.2190030607641016]
      },
      "properties": {
        "epoch": "z2_4",
        "cluster": 0,
        "intensity": 1.0
      }
    },
    {
      "type": "Feature",
      "geometry": {
        "type": "Point",
        "coordinates": [3.1660664749032237, 2.695231314676076]
      },
      "properties": {
        "epoch": "z2_4",
        "cluster": 0,
        "intensity": 1.0
      }
    },
    {
      "type": "Feature",
      "geometry": {
        "type": "Point",
        "coordinates": [3.211840355837, 2.7494492939394126]
      },
      "properties": {
        "epoch": "z2_4",
        "cluster": 0,
        "intensity": 1.0
      }
    },
    {
      "type": "Feature",
      "geometry": {
        "type": "Point",
        "coordinates": [2.978439038415929, 2.926525055510867]
      },
      "properties": {
        "epoch": "z2_4",
        "cluster": 0,
        "intensity": 1.0
      }
    },
    {
      "type": "Feature",
      "geometry": {
        "type": "Point",
        "coordinates": [3.0286049643652304, 3.2046590778859416]
      },
      "properties": {
        "epoch": "z2_4",
        "cluster": 0,
        "intensity": 1.0
      }
    },
    {
      "type": "Feature",
      "geometry": {
        "type": "Point",
        "coordinates": [3.1596034476981107, 3.087471275467302]
      },
      "properties": {
        "epoch": "z2_4",
        "cluster": 0,
        "intensity": 1.0
      }
    },
    {
      "type": "Feature",
      "geometry": {
        "type": "Point",
        "coordinates": [3.1624870244515746, 3.1196230094125297]
      },
      "properties": {
        "epoch": "z2_4",
        "cluster": 0,
        "intensity": 1.0
      }
    },
    {
      "type": "Feature",
      "geometry": {
        "type": "Point",
        "coordinates": [2.8432536336951, 2.8206572265458556]
      },
      "properties": {
        "epoch": "z2_4",
        "cluster": 0,
        "intensity": 1.0
      }
    },
    {
      "type": "Feature",
      "geometry": {
        "type": "Point",
        "coordinates": [2.8825079314659967, 3.1248316001191956]
      },
      "properties": {
        "epoch": "z2_4",
        "cluster": 0,
        "intensity": 1.0
      }
    },
    {
      "type": "Feature",
      "geometry": {
        "type": "Point",
        "coordinates": [2.937471107250654, 3.583938555620137]
      },
      "properties": {
        "epoch": "z2_4",
        "cluster": 0,
        "intensity": 1.0
      }
    },
    {
      "type": "Feature",
      "geometry": {
        "type": "Point",
        "coordinates": [2.7951768644533765, 2.7252813500244604]
      },
      "properties": {
        "epoch": "z2_4",
        "cluster": 0,
        "intensity": 1.0
      }
    },
    {
      "type": "Feature",
      "geometry": {
        "type": "Point",
        "coordinates": [3.1921183788674243, 3.3554624953358663]
      },
      "properties": {
        "epoch": "z2_4",
        "cluster": 0,
        "intensity": 1.0
      }
    },
    {
      "type": "Feature",
      "geometry": {
        "type": "Point",
        "coordinates": [3.126423172709815, 3.208954336491918]
      },
      "properties": {
        "epoch": "z2_4",
        "cluster": 0,
        "intensity": 1.0
      }
    },
    {
      "type": "Feature",
      "geometry": {
        "type": "Point",
        "coordinates": [3.3565862443605408, 2.976493130995924]
      },
      "properties": {
        "epoch": "z2_4",
        "cluster": 0,
        "intensity": 1.0
      }
    },
    {
      "type": "Feature",
      "geometry": {
        "type": "Point",
        "coordinates": [2.6442602667152557, 2.8669808629203217]
      },
      "properties": {
        "epoch": "z2_4",
        "cluster": 0,
        "intensity": 1.0
      }
    },
    {
      "type": "Feature",
      "geometry": {
        "type": "Point",
        "coordinates": [3.2382239393291443, 2.639080398480428]
      },
      "properties": {
        "epoch": "z2_4",
        "cluster": 0,
        "intensity": 1.0
      }
    },
    {
      "type": "Feature",
      "geometry": {
        "type": "Point",
        "coordinates": [3.0083828301968154, 3.0633093398355156]
      },
      "properties": {
        "epoch": "z2_4",
        "cluster": 0,
        "intensity": 1.0
      }
    },
    {
      "type": "Feature",
      "geometry": {
        "type": "Point",
        "coordinates": [2.9211019587965823, 3.180907996592024]
      },
      "properties": {
        "epoch": "z2_4",
        "cluster": 0,
        "intensity": 1.0
      }
    },
    {
      "type": "Feature",
      "geometry": {
        "type": "Point",
        "coordinates": [3.1451949353816415, 3.580352129225183]
      },
      "properties": {
        "epoch": "z2_4",
        "cluster": 0,
        "intensity": 1.0
      }
    },
    {
      "type": "Feature",
      "geometry": {
        "type": "Point",
        "coordinates": [3.1549919419432837, 2.8476491353392346]
      },
      "properties": {
        "epoch": "z2_4",
        "cluster": 0,
        "intensity": 1.0
      }
    },
    {
      "type": "Feature",
      "geometry": {
        "type": "Point",
        "coordinates": [2.8595506019164922, 2.7921047246894983]
      },
      "properties": {
        "epoch": "z2_4",
        "cluster": 0,
        "intensity": 1.0
      }
    },
    {
      "type": "Feature",
      "geometry": {
        "type": "Point",
        "coordinates": [3.238068389953955, 2.858291791296575]
      },
      "properties": {
        "epoch": "z2_4",
        "cluster": 0,
        "intensity": 1.0
      }
    },
    {
      "type": "Feature",
      "geometry": {
        "type": "Point",
        "coordinates": [2.9824348065748505, 3.187325654822419]
      },
      "properties": {
        "epoch": "z2_4",
        "cluster": 0,
        "intensity": 1.0
      }
    },
    {
      "type": "Feature",
      "geometry": {
        "type": "Point",
        "coordinates": [2.8191342523371485, 2.9265855090955704]
      },
      "properties": {
        "epoch": "z2_4",
        "cluster": 0,
        "intensity": 1.0
      }
    },
    {
      "type": "Feature",
      "geometry": {
        "type": "Point",
        "coordinates": [2.539678433599021, 2.7293803452403216]
      },
      "properties": {
        "epoch": "z2_4",
        "cluster": 0,
        "intensity": 1.0
      }
    },
    {
      "type": "Feature",
      "geometry": {
        "type": "Point",
        "coordinates": [2.8580658969520374, 3.103940247129168]
      },
      "properties": {
        "epoch": "z2_4",
        "cluster": 0,
        "intensity": 1.0
      }
    },
    {
      "type": "Feature",
      "geometry": {
        "type": "Point",
        "coordinates": [3.298373318110824, 2.995383296709072]
      },
      "properties": {
        "epoch": "z2_4",
        "cluster": 0,
        "intensity": 1.0
      }
    },
    {
      "type": "Feature",
      "geometry": {
        "type": "Point",
        "coordinates": [3.065341069799951, 3.0419923421368082]
      },
      "properties": {
        "epoch": "z2_4",
        "cluster": 0,
        "intensity": 1.0
      }
    },
    {
      "type": "Feature",
      "geometry": {
        "type": "Point",
        "coordinates": [3.271185278363401, 3.2233387996845515]
      },
      "properties": {
        "epoch": "z2_4",
        "cluster": 0,
        "intensity": 1.0
      }
    },
    {
      "type": "Feature",
      "geometry": {
        "type": "Point",
        "coordinates": [3.0684233288518854, 2.747263924138672]
      },
      "properties": {
        "epoch": "z2_4",
        "cluster": 0,
        "intensity": 1.0
      }
    },
    {
      "type": "Feature",
      "geometry": {
        "type": "Point",
        "coordinates": [3.2258463285861487, 3.095261781988938]
      },
      "properties": {
        "epoch": "z2_4",
        "cluster": 0,
        "intensity": 1.0
      }
    },
    {
      "type": "Feature",
      "geometry": {
        "type": "Point",
        "coordinates": [3.306735387428555, 2.9925233518296968]
      },
      "properties": {
        "epoch": "z2_4",
        "cluster": 0,
        "intensity": 1.0
      }
    },
    {
      "type": "Feature",
      "geometry": {
        "type": "Point",
        "coordinates": [3.4882752311209613, 2.9102809149195443]
      },
      "properties": {
        "epoch": "z2_4",
        "cluster": 0,
        "intensity": 1.0
      }
    },
    {
      "type": "Feature",
      "geometry": {
        "type": "Point",
        "coordinates": [3.3982651035657607, 3.028779743151808]
      },
      "properties": {
        "epoch": "z2_4",
        "cluster": 0,
        "intensity": 1.0
      }
    },
    {
      "type": "Feature",
      "geometry": {
        "type": "Point",
        "coordinates": [2.870932747688624, 2.717888031801901]
      },
      "properties": {
        "epoch": "z2_4",
        "cluster": 0,
        "intensity": 1.0
      }
    },
    {
      "type": "Feature",
      "geometry": {
        "type": "Point",
        "coordinates": [2.962242362115291, 3.355830256541796]
      },
      "properties": {
        "epoch": "z2_4",
        "cluster": 0,
        "intensity": 1.0
      }
    },
    {
      "type": "Feature",
      "geometry": {
        "type": "Point",
        "coordinates": [3.204093624153682, 3.172220966066501]
      },
      "properties": {
        "epoch": "z2_4",
        "cluster": 0,
        "intensity": 1.0
      }
    },
    {
      "type": "Feature",
      "geometry": {
        "type": "Point",
        "coordinates": [2.4060318567272008, 3.1777410511425095]
      },
      "properties": {
        "epoch": "z2_4",
        "cluster": 0,
        "intensity": 1.0
      }
    },
    {
      "type": "Feature",
      "geometry": {
        "type": "Point",
        "coordinates": [3.1389631027299605, 2.8625184288986683]
      },
      "properties": {
        "epoch": "z2_4",
        "cluster": 0,
        "intensity": 1.0
      }
    },
    {
      "type": "Feature",
      "geometry": {
        "type": "Point",
        "coordinates": [2.843153908454901, 2.9994223870466046]
      },
      "properties": {
        "epoch": "z2_4",
        "cluster": 0,
        "intensity": 1.0
      }
    },
    {
      "type": "Feature",
      "geometry": {
        "type": "Point",
        "coordinates": [3.431219065787183, 2.736224825144419]
      },
      "properties": {
        "epoch": "z2_4",
        "cluster": 0,
        "intensity": 1.0
      }
    },
    {
      "type": "Feature",
      "geometry": {
        "type": "Point",
        "coordinates": [2.893048741315929, 3.340446187587646]
      },
      "properties": {
        "epoch": "z2_4",
        "cluster": 0,
        "intensity": 1.0
      }
    },
    {
      "type": "Feature",
      "geometry": {
        "type": "Point",
        "coordinates": [2.8884623001430625, 2.908937131034765]
      },
      "properties": {
        "epoch": "z2_4",
        "cluster": 0,
        "intensity": 1.0
      }
    },
    {
      "type": "Feature",
      "geometry": {
        "type": "Point",
        "coordinates": [7.024444086822169, 3.189677655841076]
      },
      "properties": {
        "epoch": "z2_4",
        "cluster": 1,
        "intensity": 1.0
      }
    },
    {
      "type": "Feature",
      "geometry": {
        "type": "Point",
        "coordinates": [7.054986357537503, 3.1975956007565913]
      },
      "properties": {
        "epoch": "z2_4",
        "cluster": 1,
        "intensity": 1.0
      }
    },
    {
      "type": "Feature",
      "geometry": {
        "type": "Point",
        "coordinates": [7.221299577589536, 3.5007952056894975]
      },
      "properties": {
        "epoch": "z2_4",
        "cluster": 1,
        "intensity": 1.0
      }
    },
    {
      "type": "Feature",
      "geometry": {
        "type": "Point",
        "coordinates": [7.570857866711938, 3.5702101283827585]
      },
      "properties": {
        "epoch": "z2_4",
        "cluster": 1,
        "intensity": 1.0
      }
    },
    {
      "type": "Feature",
      "geometry": {
        "type": "Point",
        "coordinates": [7.3414223726081875, 3.174184007070659]
      },
      "properties": {
        "epoch": "z2_4",
        "cluster": 1,
        "intensity": 1.0
      }
    },
    {
      "type": "Feature",
      "geometry": {
        "type": "Point",
        "coordinates": [6.9694651641195335, 3.580786413503526]
      },
      "properties": {
        "epoch": "z2_4",
        "cluster": 1,
        "intensity": 1.0
      }
    },
    {
      "type": "Feature",
      "geometry": {
        "type": "Point",
        "coordinates": [7.436430229592762, 3.0797710154947593]
      },
      "properties": {
        "epoch": "z2_4",
        "cluster": 1,
        "intensity": 1.0
      }
    },
    {
      "type": "Feature",
      "geometry": {
        "type": "Point",
        "coordinates": [7.247654919952206, 3.647838503453979]
      },
      "properties": {
        "epoch": "z2_4",
        "cluster": 1,
        "intensity": 1.0
      }
    },
    {
      "type": "Feature",
      "geometry": {
        "type": "Point",
        "coordinates": [7.383386548934532, 3.67809637951968]
      },
      "properties": {
        "epoch": "z2_4",
        "cluster": 1,
        "intensity": 1.0
      }
    },
    {
      "type": "Feature",
      "geometry": {
        "type": "Point",
        "coordinates": [7.013017796275987, 3.3695875873954604]
      },
      "properties": {
        "epoch": "z2_4",
        "cluster": 1,
        "intensity": 1.0
      }
    },
    {
      "type": "Feature",
      "geometry": {
        "type": "Point",
        "coordinates": [6.68795507053932, 3.5488556912257425]
      },
      "properties": {
        "epoch": "z2_4",
        "cluster": 1,
        "intensity": 1.0
      }
    },
    {
      "type": "Feature",
      "geometry": {
        "type": "Point",
        "coordinates": [6.952075807751172, 4.00506683451991]
      },
      "properties": {
        "epoch": "z2_4",
        "cluster": 1,
        "intensity": 1.0
      }
    },
    {
      "type": "Feature",
      "geometry": {
        "type": "Point",
        "coordinates": [6.847243793003788, 3.580097961301278]
      },
      "properties": {
        "epoch": "z2_4",
        "cluster": 1,
        "intensity": 1.0
      }
    },
    {
      "type": "Feature",
      "geometry": {
        "type": "Point",
        "coordinates": [6.607749645081068, 3.4011343554184554]
      },
      "properties": {
        "epoch": "z2_4",
        "cluster": 1,
        "intensity": 1.0
      }
    },
    {
      "type": "Feature",
      "geometry": {
        "type": "Point",
        "coordinates": [7.0652869700227745, 3.7059900031298763]
      },
      "properties": {
        "epoch": "z2_4",
        "cluster": 1,
        "intensity": 1.0
      }
    },
    {
      "type": "Feature",
      "geometry": {
        "type": "Point",
        "coordinates": [7.362025421707025, 3.4889629559176827]
      },
      "properties": {
        "epoch": "z2_4",
        "cluster": 1,
        "intensity": 1.0
      }
    },
    {
      "type": "Feature",
      "geometry": {
        "type": "Point",
        "coordinates": [6.720688780234778, 3.6144625998728848]
      },
      "properties": {
        "epoch": "z2_4",
        "cluster": 1,
        "intensity": 1.0
      }
    },
    {
      "type": "Feature",
      "geometry": {
        "type": "Point",
        "coordinates": [7.129246774603448, 3.6229145857095673]
      },
      "properties": {
        "epoch": "z2_4",
        "cluster": 1,
        "intensity": 1.0
      }
    },
    {
      "type": "Feature",
      "geometry": {
        "type": "Point",
        "coordinates": [6.824928075206317, 3.783346099396722]
      },
      "properties": {
        "epoch": "z2_4",
        "cluster": 1,
        "intensity": 1.0
      }
    },
    {
      "type": "Feature",
      "geometry": {
        "type": "Point",
        "coordinates": [7.0219739777261285, 3.6749561554289962]
      },
      "properties": {
        "epoch": "z2_4",
        "cluster": 1,
        "intensity": 1.0
      }
    },
    {
      "type": "Feature",
      "geometry": {
        "type": "Point",
        "coordinates": [7.318518310023612, 3.652318080141463]
      },
      "properties": {
        "epoch": "z2_4",
        "cluster": 1,
        "intensity": 1.0
      }
    },
    {
      "type": "Feature",
      "geometry": {
        "type": "Point",
        "coordinates": [7.071629006995443, 4.038198808775131]
      },
      "properties": {
        "epoch": "z2_4",
        "cluster": 1,
        "intensity": 1.0
      }
    },
    {
      "type": "Feature",
      "geometry": {
        "type": "Point",
        "coordinates": [7.0609257602430375, 3.4260089418069795]
      },
      "properties": {
        "epoch": "z2_4",
        "cluster": 1,
        "intensity": 1.0
      }
    },
    {
      "type": "Feature",
      "geometry": {
        "type": "Point",
        "coordinates": [7.027991759395757, 3.8706921671092838]
      },
      "properties": {
        "epoch": "z2_4",
        "cluster": 1,
        "intensity": 1.0
      }
    },
    {
      "type": "Feature",
      "geometry": {
        "type": "Point",
        "coordinates": [7.0296781217217, 3.629844413784803]
      },
      "properties": {
        "epoch": "z2_4",
        "cluster": 1,
        "intensity": 1.0
      }
    },
    {
      "type": "Feature",
      "geometry": {
        "type": "Point",
        "coordinates": [7.298932860083041, 3.371785347443293]
      },
      "properties": {
        "epoch": "z2_4",
        "cluster": 1,
        "intensity": 1.0
      }
    },
    {
      "type": "Feature",
      "geometry": {
        "type": "Point",
        "coordinates": [6.568357557686588, 3.5748557880541103]
      },
      "properties": {
        "epoch": "z2_4",
        "cluster": 1,
        "intensity": 1.0
      }
    },
    {
      "type": "Feature",
      "geometry": {
        "type": "Point",
        "coordinates": [7.057433698630993, 3.3479974553597964]
      },
      "properties": {
        "epoch": "z2_4",
        "cluster": 1,
        "intensity": 1.0
      }
    },
    {
      "type": "Feature",
      "geometry": {
        "type": "Point",
        "coordinates": [7.217771595260604, 3.6518918442461423]
      },
      "properties": {
        "epoch": "z2_4",
        "cluster": 1,
        "intensity": 1.0
      }
    },
    {
      "type": "Feature",
      "geometry": {
        "type": "Point",
        "coordinates": [6.751251894600146, 3.6295546110053007]
      },
      "properties": {
        "epoch": "z2_4",
        "cluster": 1,
        "intensity": 1.0
      }
    },
    {
      "type": "Feature",
      "geometry": {
        "type": "Point",
        "coordinates": [6.950973760274356, 3.1292436824481795]
      },
      "properties": {
        "epoch": "z2_4",
        "cluster": 1,
        "intensity": 1.0
      }
    },
    {
      "type": "Feature",
      "geometry": {
        "type": "Point",
        "coordinates": [7.113237558266492, 3.4886963433301523]
      },
      "properties": {
        "epoch": "z2_4",
        "cluster": 1,
        "intensity": 1.0
      }
    },
    {
      "type": "Feature",
      "geometry": {
        "type": "Point",
        "coordinates": [6.813679275202533, 3.630736396724187]
      },
      "properties": {
        "epoch": "z2_4",
        "cluster": 1,
        "intensity": 1.0
      }
    },
    {
      "type": "Feature",
      "geometry": {
        "type": "Point",
        "coordinates": [7.122023318048095, 3.3556157040139256]
      },
      "properties": {
        "epoch": "z2_4",
        "cluster": 1,
        "intensity": 1.0
      }
    },
    {
      "type": "Feature",
      "geometry": {
        "type": "Point",
        "coordinates": [7.100088047633669, 3.753766234048111]
      },
      "properties": {
        "epoch": "z2_4",
        "cluster": 1,
        "intensity": 1.0
      }
    },
    {
      "type": "Feature",
      "geometry": {
        "type": "Point",
        "coordinates": [6.821833341078575, 3.5952225068503982]
      },
      "properties": {
        "epoch": "z2_4",
        "cluster": 1,
        "intensity": 1.0
      }
    },
    {
      "type": "Feature",
      "geometry": {
        "type": "Point",
        "coordinates": [7.0006889376203265, 4.066502577662721]
      },
      "properties": {
        "epoch": "z2_4",
        "cluster": 1,
        "intensity": 1.0
      }
    },
    {
      "type": "Feature",
      "geometry": {
        "type": "Point",
        "coordinates": [6.534424257305453, 3.6738209828516157]
      },
      "properties": {
        "epoch": "z2_4",
        "cluster": 1,
        "intensity": 1.0
      }
    },
    {
      "type": "Feature",
      "geometry": {
        "type": "Point",
        "coordinates": [6.923438745054696, 3.474950612792542]
      },
      "properties": {
        "epoch": "z2_4",
        "cluster": 1,
        "intensity": 1.0
      }
    },
    {
      "type": "Feature",
      "geometry": {
        "type": "Point",
        "coordinates": [7.475397244095817, 3.4978567121848014]
      },
      "properties": {
        "epoch": "z2_4",
        "cluster": 1,
        "intensity": 1.0
      }
    },
    {
      "type": "Feature",
      "geometry": {
        "type": "Point",
        "coordinates": [7.560235925943892, 3.3894630086466133]
      },
      "properties": {
        "epoch": "z2_4",
        "cluster": 1,
        "intensity": 1.0
      }
    },
    {
      "type": "Feature",
      "geometry": {
        "type": "Point",
        "coordinates": [7.087628010337028, 3.377288124581277]
      },
      "properties": {
        "epoch": "z2_4",
        "cluster": 1,
        "intensity": 1.0
      }
    },
    {
      "type": "Feature",
      "geometry": {
        "type": "Point",
        "coordinates": [6.827327996845529, 3.515620781612883]
      },
      "properties": {
        "epoch": "z2_4",
        "cluster": 1,
        "intensity": 1.0
      }
    },
    {
      "type": "Feature",
      "geometry": {
        "type": "Point",
        "coordinates": [6.9293571186627245, 3.550622895996607]
      },
      "properties": {
        "epoch": "z2_4",
        "cluster": 1,
        "intensity": 1.0
      }
    },
    {
      "type": "Feature",
      "geometry": {
        "type": "Point",
        "coordinates": [6.473743033068959, 4.0006169221524]
      },
      "properties": {
        "epoch": "z2_4",
        "cluster": 1,
        "intensity": 1.0
      }
    },
    {
      "type": "Feature",
      "geometry": {
        "type": "Point",
        "coordinates": [6.95825077280468, 3.935726376558498]
      },
      "properties": {
        "epoch": "z2_4",
        "cluster": 1,
        "intensity": 1.0
      }
    },
    {
      "type": "Feature",
      "geometry": {
        "type": "Point",
        "coordinates": [6.748221968473381, 3.5731339261810673]
      },
      "properties": {
        "epoch": "z2_4",
        "cluster": 1,
        "intensity": 1.0
      }
    },
    {
      "type": "Feature",
      "geometry": {
        "type": "Point",
        "coordinates": [7.791235525369221, 3.282567704223428]
      },
      "properties": {
        "epoch": "z2_4",
        "cluster": 1,
        "intensity": 1.0
      }
    },
    {
      "type": "Feature",
      "geometry": {
        "type": "Point",
        "coordinates": [6.626175056722934, 3.3633726161658397]
      },
      "properties": {
        "epoch": "z2_4",
        "cluster": 1,
        "intensity": 1.0
      }
    },
    {
      "type": "Feature",
      "geometry": {
        "type": "Point",
        "coordinates": [7.1181221068306515, 3.673335010015324]
      },
      "properties": {
        "epoch": "z2_4",
        "cluster": 1,
        "intensity": 1.0
      }
    },
    {
      "type": "Feature",
      "geometry": {
        "type": "Point",
        "coordinates": [7.322591672005356, 3.4357469004016714]
      },
      "properties": {
        "epoch": "z2_4",
        "cluster": 1,
        "intensity": 1.0
      }
    },
    {
      "type": "Feature",
      "geometry": {
        "type": "Point",
        "coordinates": [6.599437310124925, 3.3912425488812286]
      },
      "properties": {
        "epoch": "z2_4",
        "cluster": 1,
        "intensity": 1.0
      }
    },
    {
      "type": "Feature",
      "geometry": {
        "type": "Point",
        "coordinates": [7.31005567370044, 3.616415663292823]
      },
      "properties": {
        "epoch": "z2_4",
        "cluster": 1,
        "intensity": 1.0
      }
    },
    {
      "type": "Feature",
      "geometry": {
        "type": "Point",
        "coordinates": [6.510765303656249, 3.491237122077961]
      },
      "properties": {
        "epoch": "z2_4",
        "cluster": 1,
        "intensity": 1.0
      }
    },
    {
      "type": "Feature",
      "geometry": {
        "type": "Point",
        "coordinates": [7.349542022830533, 4.031637034237609]
      },
      "properties": {
        "epoch": "z2_4",
        "cluster": 1,
        "intensity": 1.0
      }
    },
    {
      "type": "Feature",
      "geometry": {
        "type": "Point",
        "coordinates": [7.1404216596961945, 3.5773255781998756]
      },
      "properties": {
        "epoch": "z2_4",
        "cluster": 1,
        "intensity": 1.0
      }
    },
    {
      "type": "Feature",
      "geometry": {
        "type": "Point",
        "coordinates": [6.689948583003567, 3.289189281508124]
      },
      "properties": {
        "epoch": "z2_4",
        "cluster": 1,
        "intensity": 1.0
      }
    },
    {
      "type": "Feature",
      "geometry": {
        "type": "Point",
        "coordinates": [7.011728964376541, 3.6257994352033824]
      },
      "properties": {
        "epoch": "z2_4",
        "cluster": 1,
        "intensity": 1.0
      }
    },
    {
      "type": "Feature",
      "geometry": {
        "type": "Point",
        "coordinates": [7.145046047779942, 3.380447861216466]
      },
      "properties": {
        "epoch": "z2_4",
        "cluster": 1,
        "intensity": 1.0
      }
    },
    {
      "type": "Feature",
      "geometry": {
        "type": "Point",
        "coordinates": [6.712014442894121, 3.305554539725022]
      },
      "properties": {
        "epoch": "z2_4",
        "cluster": 1,
        "intensity": 1.0
      }
    },
    {
      "type": "Feature",
      "geometry": {
        "type": "Point",
        "coordinates": [5.210756401435059, 7.160852295690998]
      },
      "properties": {
        "epoch": "z2_4",
        "cluster": 2,
        "intensity": 1.0
      }
    },
    {
      "type": "Feature",
      "geometry": {
        "type": "Point",
        "coordinates": [4.921929723488585, 6.916680493597626]
      },
      "properties": {
        "epoch": "z2_4",
        "cluster": 2,
        "intensity": 1.0
      }
    },
    {
      "type": "Feature",
      "geometry": {
        "type": "Point",
        "coordinates": [5.612469583025303, 7.380503181166235]
      },
      "properties": {
        "epoch": "z2_4",
        "cluster": 2,
        "intensity": 1.0
      }
    },
    {
      "type": "Feature",
      "geometry": {
        "type": "Point",
        "coordinates": [5.517824918762743, 7.2503209848785275]
      },
      "properties": {
        "epoch": "z2_4",
        "cluster": 2,
        "intensity": 1.0
      }
    },
    {
      "type": "Feature",
      "geometry": {
        "type": "Point",
        "coordinates": [5.400248982054727, 6.813899003366977]
      },
      "properties": {
        "epoch": "z2_4",
        "cluster": 2,
        "intensity": 1.0
      }
    },
    {
      "type": "Feature",
      "geometry": {
        "type": "Point",
        "coordinates": [5.331401740390634, 7.381833945475458]
      },
      "properties": {
        "epoch": "z2_4",
        "cluster": 2,
        "intensity": 1.0
      }
    },
    {
      "type": "Feature",
      "geometry": {
        "type": "Point",
        "coordinates": [5.748555285974437, 7.121849481615654]
      },
      "properties": {
        "epoch": "z2_4",
        "cluster": 2,
        "intensity": 1.0
      }
    },
    {
      "type": "Feature",
      "geometry": {
        "type": "Point",
        "coordinates": [6.3325672158904425, 6.991914656868462]
      },
      "properties": {
        "epoch": "z2_4",
        "cluster": 2,
        "intensity": 1.0
      }
    },
    {
      "type": "Feature",
      "geometry": {
        "type": "Point",
        "coordinates": [5.6550874127572, 7.076897888139627]
      },
      "properties": {
        "epoch": "z2_4",
        "cluster": 2,
        "intensity": 1.0
      }
    },
    {
      "type": "Feature",
      "geometry": {
        "type": "Point",
        "coordinates": [5.44452857746896, 7.579042836942879]
      },
      "properties": {
        "epoch": "z2_4",
        "cluster": 2,
        "intensity": 1.0
      }
    },
    {
      "type": "Feature",
      "geometry": {
        "type": "Point",
        "coordinates": [5.876651200759278, 6.650130091344861]
      },
      "properties": {
        "epoch": "z2_4",
        "cluster": 2,
        "intensity": 1.0
      }
    },
    {
      "type": "Feature",
      "geometry": {
        "type": "Point",
        "coordinates": [5.400038419428697, 7.107084134592072]
      },
      "properties": {
        "epoch": "z2_4",
        "cluster": 2,
        "intensity": 1.0
      }
    },
    {
      "type": "Feature",
      "geometry": {
        "type": "Point",
        "coordinates": [5.695795803760512, 6.662888232546655]
      },
      "properties": {
        "epoch": "z2_4",
        "cluster": 2,
        "intensity": 1.0
      }
    },
    {
      "type": "Feature",
      "geometry": {
        "type": "Point",
        "coordinates": [4.9361096032445495, 6.523408257809555]
      },
      "properties": {
        "epoch": "z2_4",
        "cluster": 2,
        "intensity": 1.0
      }
    },
    {
      "type": "Feature",
      "geometry": {
        "type": "Point",
        "coordinates": [5.4822221341646955, 6.9741992052400805]
      },
      "properties": {
        "epoch": "z2_4",
        "cluster": 2,
        "intensity": 1.0
      }
    },
    {
      "type": "Feature",
      "geometry": {
        "type": "Point",
        "coordinates": [5.5863048440286285, 6.807581305530236]
      },
      "properties": {
        "epoch": "z2_4",
        "cluster": 2,
        "intensity": 1.0
      }
    },
    {
      "type": "Feature",
      "geometry": {
        "type": "Point",
        "coordinates": [5.193940581023484, 6.494238735605163]
      },
      "properties": {
        "epoch": "z2_4",
        "cluster": 2,
        "intensity": 1.0
      }
    },
    {
      "type": "Feature",
      "geometry": {
        "type": "Point",
        "coordinates": [5.582296839686859, 7.092513489621944]
      },
      "properties": {
        "epoch": "z2_4",
        "cluster": 2,
        "intensity": 1.0
      }
    },
    {
      "type": "Feature",
      "geometry": {
        "type": "Point",
        "coordinates": [5.748248417588928, 7.197698921994808]
      },
      "properties": {
        "epoch": "z2_4",
        "cluster": 2,
        "intensity": 1.0
      }
    },
    {
      "type": "Feature",
      "geometry": {
        "type": "Point",
        "coordinates": [5.4523211047657645, 7.337315240688372]
      },
      "properties": {
        "epoch": "z2_4",
        "cluster": 2,
        "intensity": 1.0
      }
    },
    {
      "type": "Feature",
      "geometry": {
        "type": "Point",
        "coordinates": [5.465908272118362, 6.8347909034204815]
      },
      "properties": {
        "epoch": "z2_4",
        "cluster": 2,
        "intensity": 1.0
      }
    },
    {
      "type": "Feature",
      "geometry": {
        "type": "Point",
        "coordinates": [5.369855389174108, 6.853797088823652]
      },
      "properties": {
        "epoch": "z2_4",
        "cluster": 2,
        "intensity": 1.0
      }
    },
    {
      "type": "Feature",
      "geometry": {
        "type": "Point",
        "coordinates": [4.958565820124915, 7.039081513246441]
      },
      "properties": {
        "epoch": "z2_4",
        "cluster": 2,
        "intensity": 1.0
      }
    },
    {
      "type": "Feature",
      "geometry": {
        "type": "Point",
        "coordinates": [5.562471397940541, 6.909433547279475]
      },
      "properties": {
        "epoch": "z2_4",
        "cluster": 2,
        "intensity": 1.0
      }
    },
    {
      "type": "Feature",
      "geometry": {
        "type": "Point",
        "coordinates": [5.321539632478396, 7.092950956088819]
      },
      "properties": {
        "epoch": "z2_4",
        "cluster": 2,
        "intensity": 1.0
      }
    },
    {
      "type": "Feature",
      "geometry": {
        "type": "Point",
        "coordinates": [5.929217646886923, 7.009563788126245]
      },
      "properties": {
        "epoch": "z2_4",
        "cluster": 2,
        "intensity": 1.0
      }
    },
    {
      "type": "Feature",
      "geometry": {
        "type": "Point",
        "coordinates": [5.373091598197574, 6.852138199394267]
      },
      "properties": {
        "epoch": "z2_4",
        "cluster": 2,
        "intensity": 1.0
      }
    },
    {
      "type": "Feature",
      "geometry": {
        "type": "Point",
        "coordinates": [5.482560890463709, 6.683808607239639]
      },
      "properties": {
        "epoch": "z2_4",
        "cluster": 2,
        "intensity": 1.0
      }
    },
    {
      "type": "Feature",
      "geometry": {
        "type": "Point",
        "coordinates": [5.46868482795048, 7.015295566084196]
      },
      "properties": {
        "epoch": "z2_4",
        "cluster": 2,
        "intensity": 1.0
      }
    },
    {
      "type": "Feature",
      "geometry": {
        "type": "Point",
        "coordinates": [5.961169671941548, 7.235868441028344]
      },
      "properties": {
        "epoch": "z2_4",
        "cluster": 2,
        "intensity": 1.0
      }
    },
    {
      "type": "Feature",
      "geometry": {
        "type": "Point",
        "coordinates": [5.75850730891247, 6.82176286472519]
      },
      "properties": {
        "epoch": "z2_4",
        "cluster": 2,
        "intensity": 1.0
      }
    },
    {
      "type": "Feature",
      "geometry": {
        "type": "Point",
        "coordinates": [5.6674803858090606, 6.715154381362521]
      },
      "properties": {
        "epoch": "z2_4",
        "cluster": 2,
        "intensity": 1.0
      }
    },
    {
      "type": "Feature",
      "geometry": {
        "type": "Point",
        "coordinates": [5.577990174172718, 7.1046843151047145]
      },
      "properties": {
        "epoch": "z2_4",
        "cluster": 2,
        "intensity": 1.0
      }
    },
    {
      "type": "Feature",
      "geometry": {
        "type": "Point",
        "coordinates": [5.308397645984441, 7.499844951290372]
      },
      "properties": {
        "epoch": "z2_4",
        "cluster": 2,
        "intensity": 1.0
      }
    },
    {
      "type": "Feature",
      "geometry": {
        "type": "Point",
        "coordinates": [5.641843415687665, 6.524317924276373]
      },
      "properties": {
        "epoch": "z2_4",
        "cluster": 2,
        "intensity": 1.0
      }
    },
    {
      "type": "Feature",
      "geometry": {
        "type": "Point",
        "coordinates": [5.638214971648952, 6.898147045277498]
      },
      "properties": {
        "epoch": "z2_4",
        "cluster": 2,
        "intensity": 1.0
      }
    },
    {
      "type": "Feature",
      "geometry": {
        "type": "Point",
        "coordinates": [5.500344053954075, 7.1164411977285456]
      },
      "properties": {
        "epoch": "z2_4",
        "cluster": 2,
        "intensity": 1.0
      }
    },
    {
      "type": "Feature",
      "geometry": {
        "type": "Point",
        "coordinates": [5.597633166827886, 6.490212164241346]
      },
      "properties": {
        "epoch": "z2_4",
        "cluster": 2,
        "intensity": 1.0
      }
    },
    {
      "type": "Feature",
      "geometry": {
        "type": "Point",
        "coordinates": [5.210420064096604, 7.193156039643648]
      },
      "properties": {
        "epoch": "z2_4",
        "cluster": 2,
        "intensity": 1.0
      }
    },
    {
      "type": "Feature",
      "geometry": {
        "type": "Point",
        "coordinates": [5.8253010623073225, 7.475788221665625]
      },
      "properties": {
        "epoch": "z2_4",
        "cluster": 2,
        "intensity": 1.0
      }
    },
    {
      "type": "Feature",
      "geometry": {
        "type": "Point",
        "coordinates": [5.950792059663276, 6.48611584884238]
      },
      "properties": {
        "epoch": "z2_4",
        "cluster": 2,
        "intensity": 1.0
      }
    },
    {
      "type": "Feature",
      "geometry": {
        "type": "Point",
        "coordinates": [5.692370530234113, 6.520927449721224]
      },
      "properties": {
        "epoch": "z2_4",
        "cluster": 2,
        "intensity": 1.0
      }
    },
    {
      "type": "Feature",
      "geometry": {
        "type": "Point",
        "coordinates": [5.903400182135499, 7.063337350705512]
      },
      "properties": {
        "epoch": "z2_4",
        "cluster": 2,
        "intensity": 1.0
      }
    },
    {
      "type": "Feature",
      "geometry": {
        "type": "Point",
        "coordinates": [5.21470780300574, 7.502475236772785]
      },
      "properties": {
        "epoch": "z2_4",
        "cluster": 2,
        "intensity": 1.0
      }
    },
    {
      "type": "Feature",
      "geometry": {
        "type": "Point",
        "coordinates": [5.660992717572718, 6.527212777762132]
      },
      "properties": {
        "epoch": "z2_4",
        "cluster": 2,
        "intensity": 1.0
      }
    },
    {
      "type": "Feature",
      "geometry": {
        "type": "Point",
        "coordinates": [5.573367029365155, 6.817215023083655]
      },
      "properties": {
        "epoch": "z2_4",
        "cluster": 2,
        "intensity": 1.0
      }
    },
    {
      "type": "Feature",
      "geometry": {
        "type": "Point",
        "coordinates": [5.5278238699925595, 6.883701346361159]
      },
      "properties": {
        "epoch": "z2_4",
        "cluster": 2,
        "intensity": 1.0
      }
    },
    {
      "type": "Feature",
      "geometry": {
        "type": "Point",
        "coordinates": [5.843373471567164, 6.644178402954107]
      },
      "properties": {
        "epoch": "z2_4",
        "cluster": 2,
        "intensity": 1.0
      }
    },
    {
      "type": "Feature",
      "geometry": {
        "type": "Point",
        "coordinates": [5.579351292065354, 7.453547085149994]
      },
      "properties": {
        "epoch": "z2_4",
        "cluster": 2,
        "intensity": 1.0
      }
    },
    {
      "type": "Feature",
      "geometry": {
        "type": "Point",
        "coordinates": [5.293259925257432, 7.052662169014555]
      },
      "properties": {
        "epoch": "z2_4",
        "cluster": 2,
        "intensity": 1.0
      }
    },
    {
      "type": "Feature",
      "geometry": {
        "type": "Point",
        "coordinates": [5.550500410237519, 6.827574452780353]
      },
      "properties": {
        "epoch": "z2_4",
        "cluster": 2,
        "intensity": 1.0
      }
    },
    {
      "type": "Feature",
      "geometry": {
        "type": "Point",
        "coordinates": [5.661973405691313, 7.024262570452474]
      },
      "properties": {
        "epoch": "z2_4",
        "cluster": 2,
        "intensity": 1.0
      }
    },
    {
      "type": "Feature",
      "geometry": {
        "type": "Point",
        "coordinates": [5.264058123804219, 7.440504026224713]
      },
      "properties": {
        "epoch": "z2_4",
        "cluster": 2,
        "intensity": 1.0
      }
    },
    {
      "type": "Feature",
      "geometry": {
        "type": "Point",
        "coordinates": [5.697903749147451, 6.958223263744367]
      },
      "properties": {
        "epoch": "z2_4",
        "cluster": 2,
        "intensity": 1.0
      }
    },
    {
      "type": "Feature",
      "geometry": {
        "type": "Point",
        "coordinates": [5.340831308139134, 6.803909344447368]
      },
      "properties": {
        "epoch": "z2_4",
        "cluster": 2,
        "intensity": 1.0
      }
    },
    {
      "type": "Feature",
      "geometry": {
        "type": "Point",
        "coordinates": [5.807735243140138, 6.963380441364863]
      },
      "properties": {
        "epoch": "z2_4",
        "cluster": 2,
        "intensity": 1.0
      }
    },
    {
      "type": "Feature",
      "geometry": {
        "type": "Point",
        "coordinates": [5.614859550966189, 6.9538858247767665]
      },
      "properties": {
        "epoch": "z2_4",
        "cluster": 2,
        "intensity": 1.0
      }
    },
    {
      "type": "Feature",
      "geometry": {
        "type": "Point",
        "coordinates": [5.65410236745434, 6.971005217468529]
      },
      "properties": {
        "epoch": "z2_4",
        "cluster": 2,
        "intensity": 1.0
      }
    },
    {
      "type": "Feature",
      "geometry": {
        "type": "Point",
        "coordinates": [5.690963468119267, 6.954197272544618]
      },
      "properties": {
        "epoch": "z2_4",
        "cluster": 2,
        "intensity": 1.0
      }
    },
    {
      "type": "Feature",
      "geometry": {
        "type": "Point",
        "coordinates": [5.7073968242796305, 7.168096027337409]
      },
      "properties": {
        "epoch": "z2_4",
        "cluster": 2,
        "intensity": 1.0
      }
    },
    {
      "type": "Feature",
      "geometry": {
        "type": "Point",
        "coordinates": [3.2708475498347047, 2.9350556898933533]
      },
      "properties": {
        "epoch": "z3_1",
        "cluster": 0,
        "intensity": 1.0
      }
    },
    {
      "type": "Feature",
      "geometry": {
        "type": "Point",
        "coordinates": [3.0649700023640483, 2.9648157949648075]
      },
      "properties": {
        "epoch": "z3_1",
        "cluster": 0,
        "intensity": 1.0
      }
    },
    {
      "type": "Feature",
      "geometry": {
        "type": "Point",
        "coordinates": [3.0538780891787973, 3.366449105313513]
      },
      "properties": {
        "epoch": "z3_1",
        "cluster": 0,
        "intensity": 1.0
      }
    },
    {
      "type": "Feature",
      "geometry": {
        "type": "Point",
        "coordinates": [3.288349421872399, 3.5425252443931323]
      },
      "properties": {
        "epoch": "z3_1",
        "cluster": 0,
        "intensity": 1.0
      }
    },
    {
      "type": "Feature",
      "geometry": {
        "type": "Point",
        "coordinates": [3.869832456926285, 3.1560556177680588]
      },
      "properties": {
        "epoch": "z3_1",
        "cluster": 0,
        "intensity": 1.0
      }
    },
    {
      "type": "Feature",
      "geometry": {
        "type": "Point",
        "coordinates": [2.912995699414157, 3.0546366171149297]
      },
      "properties": {
        "epoch": "z3_1",
        "cluster": 0,
        "intensity": 1.0
      }
    },
    {
      "type": "Feature",
      "geometry": {
        "type": "Point",
        "coordinates": [3.281162895770889, 2.7778894137117995]
      },
      "properties": {
        "epoch": "z3_1",
        "cluster": 0,
        "intensity": 1.0
      }
    },
    {
      "type": "Feature",
      "geometry": {
        "type": "Point",
        "coordinates": [3.237376680674237, 3.221736577285471]
      },
      "properties": {
        "epoch": "z3_1",
        "cluster": 0,
        "intensity": 1.0
      }
    },
    {
      "type": "Feature",
      "geometry": {
        "type": "Point",
        "coordinates": [3.185143038450656, 2.957893519271786]
      },
      "properties": {
        "epoch": "z3_1",
        "cluster": 0,
        "intensity": 1.0
      }
    },
    {
      "type": "Feature",
      "geometry": {
        "type": "Point",
        "coordinates": [3.1103108101092976, 3.596670932589853]
      },
      "properties": {
        "epoch": "z3_1",
        "cluster": 0,
        "intensity": 1.0
      }
    },
    {
      "type": "Feature",
      "geometry": {
        "type": "Point",
        "coordinates": [3.260088479925577, 2.9425174713291087]
      },
      "properties": {
        "epoch": "z3_1",
        "cluster": 0,
        "intensity": 1.0
      }
    },
    {
      "type": "Feature",
      "geometry": {
        "type": "Point",
        "coordinates": [3.2067754023262185, 3.3885859270113423]
      },
      "properties": {
        "epoch": "z3_1",
        "cluster": 0,
        "intensity": 1.0
      }
    },
    {
      "type": "Feature",
      "geometry": {
        "type": "Point",
        "coordinates": [3.1288279889893604, 3.2704618273329573]
      },
      "properties": {
        "epoch": "z3_1",
        "cluster": 0,
        "intensity": 1.0
      }
    },
    {
      "type": "Feature",
      "geometry": {
        "type": "Point",
        "coordinates": [3.481971237224925, 3.3372794580502436]
      },
      "properties": {
        "epoch": "z3_1",
        "cluster": 0,
        "intensity": 1.0
      }
    },
    {
      "type": "Feature",
      "geometry": {
        "type": "Point",
        "coordinates": [3.6499236677991624, 3.012379505090898]
      },
      "properties": {
        "epoch": "z3_1",
        "cluster": 0,
        "intensity": 1.0
      }
    },
    {
      "type": "Feature",
      "geometry": {
        "type": "Point",
        "coordinates": [3.5831832155454992, 2.9517866000471575]
      },
      "properties": {
        "epoch": "z3_1",
        "cluster": 0,
        "intensity": 1.0
      }
    },
    {
      "type": "Feature",
      "geometry": {
        "type": "Point",
        "coordinates": [3.2008650307501934, 3.449021793265091]
      },
      "properties": {
        "epoch": "z3_1",
        "cluster": 0,
        "intensity": 1.0
      }
    },
    {
      "type": "Feature",
      "geometry": {
        "type": "Point",
        "coordinates": [3.505593850777794, 3.1505243876496016]
      },
      "properties": {
        "epoch": "z3_1",
        "cluster": 0,
        "intensity": 1.0
      }
    },
    {
      "type": "Feature",
      "geometry": {
        "type": "Point",
        "coordinates": [3.0021465434925303, 3.290414956773331]
      },
      "properties": {
        "epoch": "z3_1",
        "cluster": 0,
        "intensity": 1.0
      }
    },
    {
      "type": "Feature",
      "geometry": {
        "type": "Point",
        "coordinates": [3.1424068251291923, 2.919028792947522]
      },
      "properties": {
        "epoch": "z3_1",
        "cluster": 0,
        "intensity": 1.0
      }
    },
    {
      "type": "Feature",
      "geometry": {
        "type": "Point",
        "coordinates": [3.1379664363928503, 3.211623509975111]
      },
      "properties": {
        "epoch": "z3_1",
        "cluster": 0,
        "intensity": 1.0
      }
    },
    {
      "type": "Feature",
      "geometry": {
        "type": "Point",
        "coordinates": [2.7697419736421223, 3.2401907883029972]
      },
      "properties": {
        "epoch": "z3_1",
        "cluster": 0,
        "intensity": 1.0
      }
    },
    {
      "type": "Feature",
      "geometry": {
        "type": "Point",
        "coordinates": [3.3434774049274854, 3.0038683993907482]
      },
      "properties": {
        "epoch": "z3_1",
        "cluster": 0,
        "intensity": 1.0
      }
    },
    {
      "type": "Feature",
      "geometry": {
        "type": "Point",
        "coordinates": [3.559231823362589, 3.3028601059231892]
      },
      "properties": {
        "epoch": "z3_1",
        "cluster": 0,
        "intensity": 1.0
      }
    },
    {
      "type": "Feature",
      "geometry": {
        "type": "Point",
        "coordinates": [3.148428963633712, 2.982495844557269]
      },
      "properties": {
        "epoch": "z3_1",
        "cluster": 0,
        "intensity": 1.0
      }
    },
    {
      "type": "Feature",
      "geometry": {
        "type": "Point",
        "coordinates": [3.473787868865482, 2.7709816101459817]
      },
      "properties": {
        "epoch": "z3_1",
        "cluster": 0,
        "intensity": 1.0
      }
    },
    {
      "type": "Feature",
      "geometry": {
        "type": "Point",
        "coordinates": [3.2168443925614723, 2.992238368131331]
      },
      "properties": {
        "epoch": "z3_1",
        "cluster": 0,
        "intensity": 1.0
      }
    },
    {
      "type": "Feature",
      "geometry": {
        "type": "Point",
        "coordinates": [3.31746937116349, 3.2027816305976913]
      },
      "properties": {
        "epoch": "z3_1",
        "cluster": 0,
        "intensity": 1.0
      }
    },
    {
      "type": "Feature",
      "geometry": {
        "type": "Point",
        "coordinates": [3.30919697874107, 3.4337120190548536]
      },
      "properties": {
        "epoch": "z3_1",
        "cluster": 0,
        "intensity": 1.0
      }
    },
    {
      "type": "Feature",
      "geometry": {
        "type": "Point",
        "coordinates": [3.357015758658002, 3.0712519371956954]
      },
      "properties": {
        "epoch": "z3_1",
        "cluster": 0,
        "intensity": 1.0
      }
    },
    {
      "type": "Feature",
      "geometry": {
        "type": "Point",
        "coordinates": [2.9972862731106047, 3.3304624492144326]
      },
      "properties": {
        "epoch": "z3_1",
        "cluster": 0,
        "intensity": 1.0
      }
    },
    {
      "type": "Feature",
      "geometry": {
        "type": "Point",
        "coordinates": [3.432036636462922, 3.512702386224188]
      },
      "properties": {
        "epoch": "z3_1",
        "cluster": 0,
        "intensity": 1.0
      }
    },
    {
      "type": "Feature",
      "geometry": {
        "type": "Point",
        "coordinates": [3.1131362916370477, 3.1566045100214213]
      },
      "properties": {
        "epoch": "z3_1",
        "cluster": 0,
        "intensity": 1.0
      }
    },
    {
      "type": "Feature",
      "geometry": {
        "type": "Point",
        "coordinates": [3.285326825601515, 3.1280972851876085]
      },
      "properties": {
        "epoch": "z3_1",
        "cluster": 0,
        "intensity": 1.0
      }
    },
    {
      "type": "Feature",
      "geometry": {
        "type": "Point",
        "coordinates": [3.302597552831778, 2.721365127429634]
      },
      "properties": {
        "epoch": "z3_1",
        "cluster": 0,
        "intensity": 1.0
      }
    },
    {
      "type": "Feature",
      "geometry": {
        "type": "Point",
        "coordinates": [3.506246383506413, 3.313301467832992]
      },
      "properties": {
        "epoch": "z3_1",
        "cluster": 0,
        "intensity": 1.0
      }
    },
    {
      "type": "Feature",
      "geometry": {
        "type": "Point",
        "coordinates": [3.582618350214704, 3.7123935916235875]
      },
      "properties": {
        "epoch": "z3_1",
        "cluster": 0,
        "intensity": 1.0
      }
    },
    {
      "type": "Feature",
      "geometry": {
        "type": "Point",
        "coordinates": [3.220258201591058, 3.140964205892172]
      },
      "properties": {
        "epoch": "z3_1",
        "cluster": 0,
        "intensity": 1.0
      }
    },
    {
      "type": "Feature",
      "geometry": {
        "type": "Point",
        "coordinates": [3.3024458912808345, 3.635546362677114]
      },
      "properties": {
        "epoch": "z3_1",
        "cluster": 0,
        "intensity": 1.0
      }
    },
    {
      "type": "Feature",
      "geometry": {
        "type": "Point",
        "coordinates": [2.8671950693162667, 3.2714419925518494]
      },
      "properties": {
        "epoch": "z3_1",
        "cluster": 0,
        "intensity": 1.0
      }
    },
    {
      "type": "Feature",
      "geometry": {
        "type": "Point",
        "coordinates": [2.9322921581378902, 2.504607304469203]
      },
      "properties": {
        "epoch": "z3_1",
        "cluster": 0,
        "intensity": 1.0
      }
    },
    {
      "type": "Feature",
      "geometry": {
        "type": "Point",
        "coordinates": [2.7947918021280156, 2.8045578610729067]
      },
      "properties": {
        "epoch": "z3_1",
        "cluster": 0,
        "intensity": 1.0
      }
    },
    {
      "type": "Feature",
      "geometry": {
        "type": "Point",
        "coordinates": [3.567256359855175, 2.9329098967585576]
      },
      "properties": {
        "epoch": "z3_1",
        "cluster": 0,
        "intensity": 1.0
      }
    },
    {
      "type": "Feature",
      "geometry": {
        "type": "Point",
        "coordinates": [3.2431355851796453, 2.8591218099550266]
      },
      "properties": {
        "epoch": "z3_1",
        "cluster": 0,
        "intensity": 1.0
      }
    },
    {
      "type": "Feature",
      "geometry": {
        "type": "Point",
        "coordinates": [3.4527376195561863, 2.8745096188747965]
      },
      "properties": {
        "epoch": "z3_1",
        "cluster": 0,
        "intensity": 1.0
      }
    },
    {
      "type": "Feature",
      "geometry": {
        "type": "Point",
        "coordinates": [3.629413044001291, 2.9017236464331795]
      },
      "properties": {
        "epoch": "z3_1",
        "cluster": 0,
        "intensity": 1.0
      }
    },
    {
      "type": "Feature",
      "geometry": {
        "type": "Point",
        "coordinates": [3.1087931405053437, 3.180685261350608]
      },
      "properties": {
        "epoch": "z3_1",
        "cluster": 0,
        "intensity": 1.0
      }
    },
    {
      "type": "Feature",
      "geometry": {
        "type": "Point",
        "coordinates": [3.3061778052069655, 3.506172522188221]
      },
      "properties": {
        "epoch": "z3_1",
        "cluster": 0,
        "intensity": 1.0
      }
    },
    {
      "type": "Feature",
      "geometry": {
        "type": "Point",
        "coordinates": [3.3301018220232925, 2.848041427909781]
      },
      "properties": {
        "epoch": "z3_1",
        "cluster": 0,
        "intensity": 1.0
      }
    },
    {
      "type": "Feature",
      "geometry": {
        "type": "Point",
        "coordinates": [3.159916181475921, 3.0068040141580417]
      },
      "properties": {
        "epoch": "z3_1",
        "cluster": 0,
        "intensity": 1.0
      }
    },
    {
      "type": "Feature",
      "geometry": {
        "type": "Point",
        "coordinates": [3.48126055528281, 3.2459482522030525]
      },
      "properties": {
        "epoch": "z3_1",
        "cluster": 0,
        "intensity": 1.0
      }
    },
    {
      "type": "Feature",
      "geometry": {
        "type": "Point",
        "coordinates": [3.2701522442469657, 3.3674018050008465]
      },
      "properties": {
        "epoch": "z3_1",
        "cluster": 0,
        "intensity": 1.0
      }
    },
    {
      "type": "Feature",
      "geometry": {
        "type": "Point",
        "coordinates": [3.1678758957054325, 3.1159415629219747]
      },
      "properties": {
        "epoch": "z3_1",
        "cluster": 0,
        "intensity": 1.0
      }
    },
    {
      "type": "Feature",
      "geometry": {
        "type": "Point",
        "coordinates": [3.3451901010833214, 3.5320453206911946]
      },
      "properties": {
        "epoch": "z3_1",
        "cluster": 0,
        "intensity": 1.0
      }
    },
    {
      "type": "Feature",
      "geometry": {
        "type": "Point",
        "coordinates": [3.2753667049191018, 3.0623002727963162]
      },
      "properties": {
        "epoch": "z3_1",
        "cluster": 0,
        "intensity": 1.0
      }
    },
    {
      "type": "Feature",
      "geometry": {
        "type": "Point",
        "coordinates": [3.038540740571927, 3.321513045829115]
      },
      "properties": {
        "epoch": "z3_1",
        "cluster": 0,
        "intensity": 1.0
      }
    },
    {
      "type": "Feature",
      "geometry": {
        "type": "Point",
        "coordinates": [3.1530886564382397, 3.235921254466975]
      },
      "properties": {
        "epoch": "z3_1",
        "cluster": 0,
        "intensity": 1.0
      }
    },
    {
      "type": "Feature",
      "geometry": {
        "type": "Point",
        "coordinates": [2.8245975274025716, 3.410796739703753]
      },
      "properties": {
        "epoch": "z3_1",
        "cluster": 0,
        "intensity": 1.0
      }
    },
    {
      "type": "Feature",
      "geometry": {
        "type": "Point",
        "coordinates": [2.9670155580028488, 2.955664409106146]
      },
      "properties": {
        "epoch": "z3_1",
        "cluster": 0,
        "intensity": 1.0
      }
    },
    {
      "type": "Feature",
      "geometry": {
        "type": "Point",
        "coordinates": [3.5646452837131597, 2.816382316006403]
      },
      "properties": {
        "epoch": "z3_1",
        "cluster": 0,
        "intensity": 1.0
      }
    },
    {
      "type": "Feature",
      "geometry": {
        "type": "Point",
        "coordinates": [7.280136241156691, 3.6685640202701224]
      },
      "properties": {
        "epoch": "z3_1",
        "cluster": 1,
        "intensity": 1.0
      }
    },
    {
      "type": "Feature",
      "geometry": {
        "type": "Point",
        "coordinates": [7.050360796666789, 3.985733250387493]
      },
      "properties": {
        "epoch": "z3_1",
        "cluster": 1,
        "intensity": 1.0
      }
    },
    {
      "type": "Feature",
      "geometry": {
        "type": "Point",
        "coordinates": [7.674694575581104, 3.157095624101262]
      },
      "properties": {
        "epoch": "z3_1",
        "cluster": 1,
        "intensity": 1.0
      }
    },
    {
      "type": "Feature",
      "geometry": {
        "type": "Point",
        "coordinates": [6.937752425650373, 3.852058050623252]
      },
      "properties": {
        "epoch": "z3_1",
        "cluster": 1,
        "intensity": 1.0
      }
    },
    {
      "type": "Feature",
      "geometry": {
        "type": "Point",
        "coordinates": [6.974243966158172, 3.5528406616082444]
      },
      "properties": {
        "epoch": "z3_1",
        "cluster": 1,
        "intensity": 1.0
      }
    },
    {
      "type": "Feature",
      "geometry": {
        "type": "Point",
        "coordinates": [7.332388022083458, 3.82296252057834]
      },
      "properties": {
        "epoch": "z3_1",
        "cluster": 1,
        "intensity": 1.0
      }
    },
    {
      "type": "Feature",
      "geometry": {
        "type": "Point",
        "coordinates": [7.244186851397172, 3.6738052299505095]
      },
      "properties": {
        "epoch": "z3_1",
        "cluster": 1,
        "intensity": 1.0
      }
    },
    {
      "type": "Feature",
      "geometry": {
        "type": "Point",
        "coordinates": [7.10581677066238, 3.973090399608473]
      },
      "properties": {
        "epoch": "z3_1",
        "cluster": 1,
        "intensity": 1.0
      }
    },
    {
      "type": "Feature",
      "geometry": {
        "type": "Point",
        "coordinates": [7.176171535774554, 3.734933221894001]
      },
      "properties": {
        "epoch": "z3_1",
        "cluster": 1,
        "intensity": 1.0
      }
    },
    {
      "type": "Feature",
      "geometry": {
        "type": "Point",
        "coordinates": [7.172090478354192, 3.6765808726836084]
      },
      "properties": {
        "epoch": "z3_1",
        "cluster": 1,
        "intensity": 1.0
      }
    },
    {
      "type": "Feature",
      "geometry": {
        "type": "Point",
        "coordinates": [7.257959223900008, 3.609383957108724]
      },
      "properties": {
        "epoch": "z3_1",
        "cluster": 1,
        "intensity": 1.0
      }
    },
    {
      "type": "Feature",
      "geometry": {
        "type": "Point",
        "coordinates": [7.046554785447376, 3.849103198559509]
      },
      "properties": {
        "epoch": "z3_1",
        "cluster": 1,
        "intensity": 1.0
      }
    },
    {
      "type": "Feature",
      "geometry": {
        "type": "Point",
        "coordinates": [7.653510604184565, 3.710787024444858]
      },
      "properties": {
        "epoch": "z3_1",
        "cluster": 1,
        "intensity": 1.0
      }
    },
    {
      "type": "Feature",
      "geometry": {
        "type": "Point",
        "coordinates": [7.483083818436929, 3.859516970179645]
      },
      "properties": {
        "epoch": "z3_1",
        "cluster": 1,
        "intensity": 1.0
      }
    },
    {
      "type": "Feature",
      "geometry": {
        "type": "Point",
        "coordinates": [7.531996445247669, 3.725839187839779]
      },
      "properties": {
        "epoch": "z3_1",
        "cluster": 1,
        "intensity": 1.0
      }
    },
    {
      "type": "Feature",
      "geometry": {
        "type": "Point",
        "coordinates": [7.3530643199956, 3.8660018180051976]
      },
      "properties": {
        "epoch": "z3_1",
        "cluster": 1,
        "intensity": 1.0
      }
    },
    {
      "type": "Feature",
      "geometry": {
        "type": "Point",
        "coordinates": [7.317208081400696, 3.406520401558762]
      },
      "properties": {
        "epoch": "z3_1",
        "cluster": 1,
        "intensity": 1.0
      }
    },
    {
      "type": "Feature",
      "geometry": {
        "type": "Point",
        "coordinates": [7.305962088613983, 3.177896152115139]
      },
      "properties": {
        "epoch": "z3_1",
        "cluster": 1,
        "intensity": 1.0
      }
    },
    {
      "type": "Feature",
      "geometry": {
        "type": "Point",
        "coordinates": [7.298524940311226, 3.7533430840743747]
      },
      "properties": {
        "epoch": "z3_1",
        "cluster": 1,
        "intensity": 1.0
      }
    },
    {
      "type": "Feature",
      "geometry": {
        "type": "Point",
        "coordinates": [7.608995194078488, 3.687819319349273]
      },
      "properties": {
        "epoch": "z3_1",
        "cluster": 1,
        "intensity": 1.0
      }
    },
    {
      "type": "Feature",
      "geometry": {
        "type": "Point",
        "coordinates": [7.532034955295387, 3.6498656214521477]
      },
      "properties": {
        "epoch": "z3_1",
        "cluster": 1,
        "intensity": 1.0
      }
    },
    {
      "type": "Feature",
      "geometry": {
        "type": "Point",
        "coordinates": [7.0441309134882975, 3.2971550705701764]
      },
      "properties": {
        "epoch": "z3_1",
        "cluster": 1,
        "intensity": 1.0
      }
    },
    {
      "type": "Feature",
      "geometry": {
        "type": "Point",
        "coordinates": [7.05756640546568, 3.308463070338299]
      },
      "properties": {
        "epoch": "z3_1",
        "cluster": 1,
        "intensity": 1.0
      }
    },
    {
      "type": "Feature",
      "geometry": {
        "type": "Point",
        "coordinates": [7.458426952629814, 3.5980963285754255]
      },
      "properties": {
        "epoch": "z3_1",
        "cluster": 1,
        "intensity": 1.0
      }
    },
    {
      "type": "Feature",
      "geometry": {
        "type": "Point",
        "coordinates": [7.4425787225038285, 3.668357857457871]
      },
      "properties": {
        "epoch": "z3_1",
        "cluster": 1,
        "intensity": 1.0
      }
    },
    {
      "type": "Feature",
      "geometry": {
        "type": "Point",
        "coordinates": [7.561012386180534, 3.915048197722209]
      },
      "properties": {
        "epoch": "z3_1",
        "cluster": 1,
        "intensity": 1.0
      }
    },
    {
      "type": "Feature",
      "geometry": {
        "type": "Point",
        "coordinates": [7.138665498055712, 3.5814210097637247]
      },
      "properties": {
        "epoch": "z3_1",
        "cluster": 1,
        "intensity": 1.0
      }
    },
    {
      "type": "Feature",
      "geometry": {
        "type": "Point",
        "coordinates": [7.166792853306346, 3.244671981064765]
      },
      "properties": {
        "epoch": "z3_1",
        "cluster": 1,
        "intensity": 1.0
      }
    },
    {
      "type": "Feature",
      "geometry": {
        "type": "Point",
        "coordinates": [7.468804286350218, 3.9471986970484014]
      },
      "properties": {
        "epoch": "z3_1",
        "cluster": 1,
        "intensity": 1.0
      }
    },
    {
      "type": "Feature",
      "geometry": {
        "type": "Point",
        "coordinates": [7.29839290218145, 3.5267019453877495]
      },
      "properties": {
        "epoch": "z3_1",
        "cluster": 1,
        "intensity": 1.0
      }
    },
    {
      "type": "Feature",
      "geometry": {
        "type": "Point",
        "coordinates": [7.572726257222389, 3.063759427746127]
      },
      "properties": {
        "epoch": "z3_1",
        "cluster": 1,
        "intensity": 1.0
      }
    },
    {
      "type": "Feature",
      "geometry": {
        "type": "Point",
        "coordinates": [7.344368798983844, 3.685820993525073]
      },
      "properties": {
        "epoch": "z3_1",
        "cluster": 1,
        "intensity": 1.0
      }
    },
    {
      "type": "Feature",
      "geometry": {
        "type": "Point",
        "coordinates": [7.157285736368632, 3.9978936326898435]
      },
      "properties": {
        "epoch": "z3_1",
        "cluster": 1,
        "intensity": 1.0
      }
    },
    {
      "type": "Feature",
      "geometry": {
        "type": "Point",
        "coordinates": [7.542683854763623, 3.5847106880755106]
      },
      "properties": {
        "epoch": "z3_1",
        "cluster": 1,
        "intensity": 1.0
      }
    },
    {
      "type": "Feature",
      "geometry": {
        "type": "Point",
        "coordinates": [7.2783260024870415, 3.5529940091128234]
      },
      "properties": {
        "epoch": "z3_1",
        "cluster": 1,
        "intensity": 1.0
      }
    },
    {
      "type": "Feature",
      "geometry": {
        "type": "Point",
        "coordinates": [7.171970022836424, 3.3229500182840335]
      },
      "properties": {
        "epoch": "z3_1",
        "cluster": 1,
        "intensity": 1.0
      }
    },
    {
      "type": "Feature",
      "geometry": {
        "type": "Point",
        "coordinates": [7.644987113424096, 3.9070000375726757]
      },
      "properties": {
        "epoch": "z3_1",
        "cluster": 1,
        "intensity": 1.0
      }
    },
    {
      "type": "Feature",
      "geometry": {
        "type": "Point",
        "coordinates": [7.499541582784864, 3.3764160200559807]
      },
      "properties": {
        "epoch": "z3_1",
        "cluster": 1,
        "intensity": 1.0
      }
    },
    {
      "type": "Feature",
      "geometry": {
        "type": "Point",
        "coordinates": [7.8202112911583335, 4.1450413163893165]
      },
      "properties": {
        "epoch": "z3_1",
        "cluster": 1,
        "intensity": 1.0
      }
    },
    {
      "type": "Feature",
      "geometry": {
        "type": "Point",
        "coordinates": [7.347014292250321, 3.423944836965006]
      },
      "properties": {
        "epoch": "z3_1",
        "cluster": 1,
        "intensity": 1.0
      }
    },
    {
      "type": "Feature",
      "geometry": {
        "type": "Point",
        "coordinates": [7.083392479113957, 3.754637157772122]
      },
      "properties": {
        "epoch": "z3_1",
        "cluster": 1,
        "intensity": 1.0
      }
    },
    {
      "type": "Feature",
      "geometry": {
        "type": "Point",
        "coordinates": [7.071746464930607, 3.641447278935819]
      },
      "properties": {
        "epoch": "z3_1",
        "cluster": 1,
        "intensity": 1.0
      }
    },
    {
      "type": "Feature",
      "geometry": {
        "type": "Point",
        "coordinates": [7.572161177446691, 3.2732940640792165]
      },
      "properties": {
        "epoch": "z3_1",
        "cluster": 1,
        "intensity": 1.0
      }
    },
    {
      "type": "Feature",
      "geometry": {
        "type": "Point",
        "coordinates": [7.801432173898931, 4.041677102249062]
      },
      "properties": {
        "epoch": "z3_1",
        "cluster": 1,
        "intensity": 1.0
      }
    },
    {
      "type": "Feature",
      "geometry": {
        "type": "Point",
        "coordinates": [6.990728537590635, 3.2965896764382396]
      },
      "properties": {
        "epoch": "z3_1",
        "cluster": 1,
        "intensity": 1.0
      }
    },
    {
      "type": "Feature",
      "geometry": {
        "type": "Point",
        "coordinates": [7.229144536610134, 3.3922141999249087]
      },
      "properties": {
        "epoch": "z3_1",
        "cluster": 1,
        "intensity": 1.0
      }
    },
    {
      "type": "Feature",
      "geometry": {
        "type": "Point",
        "coordinates": [7.234069793272369, 3.0047035086478946]
      },
      "properties": {
        "epoch": "z3_1",
        "cluster": 1,
        "intensity": 1.0
      }
    },
    {
      "type": "Feature",
      "geometry": {
        "type": "Point",
        "coordinates": [7.242824486199505, 4.100714117894705]
      },
      "properties": {
        "epoch": "z3_1",
        "cluster": 1,
        "intensity": 1.0
      }
    },
    {
      "type": "Feature",
      "geometry": {
        "type": "Point",
        "coordinates": [7.020851324815593, 3.5817327907926524]
      },
      "properties": {
        "epoch": "z3_1",
        "cluster": 1,
        "intensity": 1.0
      }
    },
    {
      "type": "Feature",
      "geometry": {
        "type": "Point",
        "coordinates": [6.92759769976478, 3.8095593813104927]
      },
      "properties": {
        "epoch": "z3_1",
        "cluster": 1,
        "intensity": 1.0
      }
    },
    {
      "type": "Feature",
      "geometry": {
        "type": "Point",
        "coordinates": [7.243670202688211, 4.135183264914808]
      },
      "properties": {
        "epoch": "z3_1",
        "cluster": 1,
        "intensity": 1.0
      }
    },
    {
      "type": "Feature",
      "geometry": {
        "type": "Point",
        "coordinates": [7.35170986085985, 3.5569550079403327]
      },
      "properties": {
        "epoch": "z3_1",
        "cluster": 1,
        "intensity": 1.0
      }
    },
    {
      "type": "Feature",
      "geometry": {
        "type": "Point",
        "coordinates": [7.437568123938946, 3.523443010202976]
      },
      "properties": {
        "epoch": "z3_1",
        "cluster": 1,
        "intensity": 1.0
      }
    },
    {
      "type": "Feature",
      "geometry": {
        "type": "Point",
        "coordinates": [6.965172955545187, 3.7254869424471515]
      },
      "properties": {
        "epoch": "z3_1",
        "cluster": 1,
        "intensity": 1.0
      }
    },
    {
      "type": "Feature",
      "geometry": {
        "type": "Point",
        "coordinates": [7.256282800447874, 3.691578762584715]
      },
      "properties": {
        "epoch": "z3_1",
        "cluster": 1,
        "intensity": 1.0
      }
    },
    {
      "type": "Feature",
      "geometry": {
        "type": "Point",
        "coordinates": [7.393864333140016, 3.522420082101386]
      },
      "properties": {
        "epoch": "z3_1",
        "cluster": 1,
        "intensity": 1.0
      }
    },
    {
      "type": "Feature",
      "geometry": {
        "type": "Point",
        "coordinates": [7.405394093123113, 4.084424143285803]
      },
      "properties": {
        "epoch": "z3_1",
        "cluster": 1,
        "intensity": 1.0
      }
    },
    {
      "type": "Feature",
      "geometry": {
        "type": "Point",
        "coordinates": [7.023050117568708, 4.084356376808529]
      },
      "properties": {
        "epoch": "z3_1",
        "cluster": 1,
        "intensity": 1.0
      }
    },
    {
      "type": "Feature",
      "geometry": {
        "type": "Point",
        "coordinates": [7.2392991872525965, 3.4583433385376625]
      },
      "properties": {
        "epoch": "z3_1",
        "cluster": 1,
        "intensity": 1.0
      }
    },
    {
      "type": "Feature",
      "geometry": {
        "type": "Point",
        "coordinates": [7.906805142787948, 3.688755408281312]
      },
      "properties": {
        "epoch": "z3_1",
        "cluster": 1,
        "intensity": 1.0
      }
    },
    {
      "type": "Feature",
      "geometry": {
        "type": "Point",
        "coordinates": [6.142600751147796, 7.354398560229467]
      },
      "properties": {
        "epoch": "z3_1",
        "cluster": 2,
        "intensity": 1.0
      }
    },
    {
      "type": "Feature",
      "geometry": {
        "type": "Point",
        "coordinates": [5.379851293740068, 7.18020489966313]
      },
      "properties": {
        "epoch": "z3_1",
        "cluster": 2,
        "intensity": 1.0
      }
    },
    {
      "type": "Feature",
      "geometry": {
        "type": "Point",
        "coordinates": [5.668670060082334, 6.814551851251024]
      },
      "properties": {
        "epoch": "z3_1",
        "cluster": 2,
        "intensity": 1.0
      }
    },
    {
      "type": "Feature",
      "geometry": {
        "type": "Point",
        "coordinates": [5.357072158420056, 7.175572560930972]
      },
      "properties": {
        "epoch": "z3_1",
        "cluster": 2,
        "intensity": 1.0
      }
    },
    {
      "type": "Feature",
      "geometry": {
        "type": "Point",
        "coordinates": [5.9475632526997675, 7.24766704630905]
      },
      "properties": {
        "epoch": "z3_1",
        "cluster": 2,
        "intensity": 1.0
      }
    },
    {
      "type": "Feature",
      "geometry": {
        "type": "Point",
        "coordinates": [5.723542861209711, 6.950370755097959]
      },
      "properties": {
        "epoch": "z3_1",
        "cluster": 2,
        "intensity": 1.0
      }
    },
    {
      "type": "Feature",
      "geometry": {
        "type": "Point",
        "coordinates": [5.553284704595732, 7.0112098513851375]
      },
      "properties": {
        "epoch": "z3_1",
        "cluster": 2,
        "intensity": 1.0
      }
    },
    {
      "type": "Feature",
      "geometry": {
        "type": "Point",
        "coordinates": [5.541736199219817, 7.099181337175033]
      },
      "properties": {
        "epoch": "z3_1",
        "cluster": 2,
        "intensity": 1.0
      }
    },
    {
      "type": "Feature",
      "geometry": {
        "type": "Point",
        "coordinates": [5.794278229007816, 6.92600295876401]
      },
      "properties": {
        "epoch": "z3_1",
        "cluster": 2,
        "intensity": 1.0
      }
    },
    {
      "type": "Feature",
      "geometry": {
        "type": "Point",
        "coordinates": [5.741987466392496, 6.9599199903779]
      },
      "properties": {
        "epoch": "z3_1",
        "cluster": 2,
        "intensity": 1.0
      }
    },
    {
      "type": "Feature",
      "geometry": {
        "type": "Point",
        "coordinates": [5.798881898686987, 7.276771926988682]
      },
      "properties": {
        "epoch": "z3_1",
        "cluster": 2,
        "intensity": 1.0
      }
    },
    {
      "type": "Feature",
      "geometry": {
        "type": "Point",
        "coordinates": [5.8445313084871895, 7.2680377186227565]
      },
      "properties": {
        "epoch": "z3_1",
        "cluster": 2,
        "intensity": 1.0
      }
    },
    {
      "type": "Feature",
      "geometry": {
        "type": "Point",
        "coordinates": [5.386996355598032, 7.055325875355375]
      },
      "properties": {
        "epoch": "z3_1",
        "cluster": 2,
        "intensity": 1.0
      }
    },
    {
      "type": "Feature",
      "geometry": {
        "type": "Point",
        "coordinates": [5.869184844182698, 7.310290614897833]
      },
      "properties": {
        "epoch": "z3_1",
        "cluster": 2,
        "intensity": 1.0
      }
    },
    {
      "type": "Feature",
      "geometry": {
        "type": "Point",
        "coordinates": [5.400499159314973, 7.189794563454502]
      },
      "properties": {
        "epoch": "z3_1",
        "cluster": 2,
        "intensity": 1.0
      }
    },
    {
      "type": "Feature",
      "geometry": {
        "type": "Point",
        "coordinates": [6.101605162132907, 7.105347326046955]
      },
      "properties": {
        "epoch": "z3_1",
        "cluster": 2,
        "intensity": 1.0
      }
    },
    {
      "type": "Feature",
      "geometry": {
        "type": "Point",
        "coordinates": [5.776310472130816, 7.262614220506504]
      },
      "properties": {
        "epoch": "z3_1",
        "cluster": 2,
        "intensity": 1.0
      }
    },
    {
      "type": "Feature",
      "geometry": {
        "type": "Point",
        "coordinates": [5.861779545989363, 7.318659337564637]
      },
      "properties": {
        "epoch": "z3_1",
        "cluster": 2,
        "intensity": 1.0
      }
    },
    {
      "type": "Feature",
      "geometry": {
        "type": "Point",
        "coordinates": [5.818103466021227, 7.18812401758818]
      },
      "properties": {
        "epoch": "z3_1",
        "cluster": 2,
        "intensity": 1.0
      }
    },
    {
      "type": "Feature",
      "geometry": {
        "type": "Point",
        "coordinates": [5.604388890714741, 7.107390534659475]
      },
      "properties": {
        "epoch": "z3_1",
        "cluster": 2,
        "intensity": 1.0
      }
    },
    {
      "type": "Feature",
      "geometry": {
        "type": "Point",
        "coordinates": [6.113280509317162, 7.098957561085174]
      },
      "properties": {
        "epoch": "z3_1",
        "cluster": 2,
        "intensity": 1.0
      }
    },
    {
      "type": "Feature",
      "geometry": {
        "type": "Point",
        "coordinates": [5.757858930129676, 7.027124157020123]
      },
      "properties": {
        "epoch": "z3_1",
        "cluster": 2,
        "intensity": 1.0
      }
    },
    {
      "type": "Feature",
      "geometry": {
        "type": "Point",
        "coordinates": [5.996796470610179, 6.936330230584305]
      },
      "properties": {
        "epoch": "z3_1",
        "cluster": 2,
        "intensity": 1.0
      }
    },
    {
      "type": "Feature",
      "geometry": {
        "type": "Point",
        "coordinates": [6.027625548763012, 6.915756651434884]
      },
      "properties": {
        "epoch": "z3_1",
        "cluster": 2,
        "intensity": 1.0
      }
    },
    {
      "type": "Feature",
      "geometry": {
        "type": "Point",
        "coordinates": [5.535554718714177, 7.201484865523528]
      },
      "properties": {
        "epoch": "z3_1",
        "cluster": 2,
        "intensity": 1.0
      }
    },
    {
      "type": "Feature",
      "geometry": {
        "type": "Point",
        "coordinates": [5.832544867400452, 7.224389325753477]
      },
      "properties": {
        "epoch": "z3_1",
        "cluster": 2,
        "intensity": 1.0
      }
    },
    {
      "type": "Feature",
      "geometry": {
        "type": "Point",
        "coordinates": [6.0656342802223495, 7.046876008699922]
      },
      "properties": {
        "epoch": "z3_1",
        "cluster": 2,
        "intensity": 1.0
      }
    },
    {
      "type": "Feature",
      "geometry": {
        "type": "Point",
        "coordinates": [5.910748398223487, 6.922545683662703]
      },
      "properties": {
        "epoch": "z3_1",
        "cluster": 2,
        "intensity": 1.0
      }
    },
    {
      "type": "Feature",
      "geometry": {
        "type": "Point",
        "coordinates": [6.114792257424719, 7.308114666605004]
      },
      "properties": {
        "epoch": "z3_1",
        "cluster": 2,
        "intensity": 1.0
      }
    },
    {
      "type": "Feature",
      "geometry": {
        "type": "Point",
        "coordinates": [5.934129691338309, 7.196969622827447]
      },
      "properties": {
        "epoch": "z3_1",
        "cluster": 2,
        "intensity": 1.0
      }
    },
    {
      "type": "Feature",
      "geometry": {
        "type": "Point",
        "coordinates": [5.603600138965234, 7.0681571095831535]
      },
      "properties": {
        "epoch": "z3_1",
        "cluster": 2,
        "intensity": 1.0
      }
    },
    {
      "type": "Feature",
      "geometry": {
        "type": "Point",
        "coordinates": [5.925444865456254, 7.145203970115964]
      },
      "properties": {
        "epoch": "z3_1",
        "cluster": 2,
        "intensity": 1.0
      }
    },
    {
      "type": "Feature",
      "geometry": {
        "type": "Point",
        "coordinates": [5.8309361656178975, 6.810045123299574]
      },
      "properties": {
        "epoch": "z3_1",
        "cluster": 2,
        "intensity": 1.0
      }
    },
    {
      "type": "Feature",
      "geometry": {
        "type": "Point",
        "coordinates": [5.845273494969062, 6.977018152464775]
      },
      "properties": {
        "epoch": "z3_1",
        "cluster": 2,
        "intensity": 1.0
      }
    },
    {
      "type": "Feature",
      "geometry": {
        "type": "Point",
        "coordinates": [5.529165861561931, 7.111328652620114]
      },
      "properties": {
        "epoch": "z3_1",
        "cluster": 2,
        "intensity": 1.0
      }
    },
    {
      "type": "Feature",
      "geometry": {
        "type": "Point",
        "coordinates": [5.335873936846845, 7.324642497601524]
      },
      "properties": {
        "epoch": "z3_1",
        "cluster": 2,
        "intensity": 1.0
      }
    },
    {
      "type": "Feature",
      "geometry": {
        "type": "Point",
        "coordinates": [6.013003224422811, 7.136640975188322]
      },
      "properties": {
        "epoch": "z3_1",
        "cluster": 2,
        "intensity": 1.0
      }
    },
    {
      "type": "Feature",
      "geometry": {
        "type": "Point",
        "coordinates": [5.551554456362024, 6.913657794896525]
      },
      "properties": {
        "epoch": "z3_1",
        "cluster": 2,
        "intensity": 1.0
      }
    },
    {
      "type": "Feature",
      "geometry": {
        "type": "Point",
        "coordinates": [5.762219236632941, 6.544066567207612]
      },
      "properties": {
        "epoch": "z3_1",
        "cluster": 2,
        "intensity": 1.0
      }
    },
    {
      "type": "Feature",
      "geometry": {
        "type": "Point",
        "coordinates": [5.845119195768589, 7.316108005995019]
      },
      "properties": {
        "epoch": "z3_1",
        "cluster": 2,
        "intensity": 1.0
      }
    },
    {
      "type": "Feature",
      "geometry": {
        "type": "Point",
        "coordinates": [5.722026287871034, 7.026399407647601]
      },
      "properties": {
        "epoch": "z3_1",
        "cluster": 2,
        "intensity": 1.0
      }
    },
    {
      "type": "Feature",
      "geometry": {
        "type": "Point",
        "coordinates": [5.845491814642165, 7.237661016759974]
      },
      "properties": {
        "epoch": "z3_1",
        "cluster": 2,
        "intensity": 1.0
      }
    },
    {
      "type": "Feature",
      "geometry": {
        "type": "Point",
        "coordinates": [6.073537937966474, 7.154599169803287]
      },
      "properties": {
        "epoch": "z3_1",
        "cluster": 2,
        "intensity": 1.0
      }
    },
    {
      "type": "Feature",
      "geometry": {
        "type": "Point",
        "coordinates": [5.627560587116538, 7.034683738506913]
      },
      "properties": {
        "epoch": "z3_1",
        "cluster": 2,
        "intensity": 1.0
      }
    },
    {
      "type": "Feature",
      "geometry": {
        "type": "Point",
        "coordinates": [5.845486435465022, 7.539050093749233]
      },
      "properties": {
        "epoch": "z3_1",
        "cluster": 2,
        "intensity": 1.0
      }
    },
    {
      "type": "Feature",
      "geometry": {
        "type": "Point",
        "coordinates": [5.719931673803076, 6.886868335149668]
      },
      "properties": {
        "epoch": "z3_1",
        "cluster": 2,
        "intensity": 1.0
      }
    },
    {
      "type": "Feature",
      "geometry": {
        "type": "Point",
        "coordinates": [5.582473344966825, 6.625916348444212]
      },
      "properties": {
        "epoch": "z3_1",
        "cluster": 2,
        "intensity": 1.0
      }
    },
    {
      "type": "Feature",
      "geometry": {
        "type": "Point",
        "coordinates": [5.88244849942026, 6.809668927679451]
      },
      "properties": {
        "epoch": "z3_1",
        "cluster": 2,
        "intensity": 1.0
      }
    },
    {
      "type": "Feature",
      "geometry": {
        "type": "Point",
        "coordinates": [5.491622618096855, 6.6559963464613245]
      },
      "properties": {
        "epoch": "z3_1",
        "cluster": 2,
        "intensity": 1.0
      }
    },
    {
      "type": "Feature",
      "geometry": {
        "type": "Point",
        "coordinates": [5.520502905104244, 7.292103619234455]
      },
      "properties": {
        "epoch": "z3_1",
        "cluster": 2,
        "intensity": 1.0
      }
    },
    {
      "type": "Feature",
      "geometry": {
        "type": "Point",
        "coordinates": [5.472161470843688, 6.712589415815993]
      },
      "properties": {
        "epoch": "z3_1",
        "cluster": 2,
        "intensity": 1.0
      }
    },
    {
      "type": "Feature",
      "geometry": {
        "type": "Point",
        "coordinates": [5.844565783492467, 7.064707177765997]
      },
      "properties": {
        "epoch": "z3_1",
        "cluster": 2,
        "intensity": 1.0
      }
    },
    {
      "type": "Feature",
      "geometry": {
        "type": "Point",
        "coordinates": [5.90804750338007, 7.33513995122696]
      },
      "properties": {
        "epoch": "z3_1",
        "cluster": 2,
        "intensity": 1.0
      }
    },
    {
      "type": "Feature",
      "geometry": {
        "type": "Point",
        "coordinates": [5.797875267366721, 6.825559793404543]
      },
      "properties": {
        "epoch": "z3_1",
        "cluster": 2,
        "intensity": 1.0
      }
    },
    {
      "type": "Feature",
      "geometry": {
        "type": "Point",
        "coordinates": [5.769050009693234, 7.275064870037495]
      },
      "properties": {
        "epoch": "z3_1",
        "cluster": 2,
        "intensity": 1.0
      }
    },
    {
      "type": "Feature",
      "geometry": {
        "type": "Point",
        "coordinates": [5.6542527607347, 6.790634688071777]
      },
      "properties": {
        "epoch": "z3_1",
        "cluster": 2,
        "intensity": 1.0
      }
    },
    {
      "type": "Feature",
      "geometry": {
        "type": "Point",
        "coordinates": [6.0756530152188715, 7.046188089203875]
      },
      "properties": {
        "epoch": "z3_1",
        "cluster": 2,
        "intensity": 1.0
      }
    },
    {
      "type": "Feature",
      "geometry": {
        "type": "Point",
        "coordinates": [5.697692496896305, 7.1539905604328]
      },
      "properties": {
        "epoch": "z3_1",
        "cluster": 2,
        "intensity": 1.0
      }
    },
    {
      "type": "Feature",
      "geometry": {
        "type": "Point",
        "coordinates": [6.057618089377312, 7.215904937989157]
      },
      "properties": {
        "epoch": "z3_1",
        "cluster": 2,
        "intensity": 1.0
      }
    },
    {
      "type": "Feature",
      "geometry": {
        "type": "Point",
        "coordinates": [5.7166935034107365, 7.320533336316436]
      },
      "properties": {
        "epoch": "z3_1",
        "cluster": 2,
        "intensity": 1.0
      }
    },
    {
      "type": "Feature",
      "geometry": {
        "type": "Point",
        "coordinates": [4.136756123201891, 3.646946564526378]
      },
      "properties": {
        "epoch": "z4_5",
        "cluster": 0,
        "intensity": 1.0
      }
    },
    {
      "type": "Feature",
      "geometry": {
        "type": "Point",
        "coordinates": [3.7682178551694965, 3.0194298800357338]
      },
      "properties": {
        "epoch": "z4_5",
        "cluster": 0,
        "intensity": 1.0
      }
    },
    {
      "type": "Feature",
      "geometry": {
        "type": "Point",
        "coordinates": [4.538014685766333, 3.0003357203320196]
      },
      "properties": {
        "epoch": "z4_5",
        "cluster": 0,
        "intensity": 1.0
      }
    },
    {
      "type": "Feature",
      "geometry": {
        "type": "Point",
        "coordinates": [3.50704927412022, 3.1250277014428574]
      },
      "properties": {
        "epoch": "z4_5",
        "cluster": 0,
        "intensity": 1.0
      }
    },
    {
      "type": "Feature",
      "geometry": {
        "type": "Point",
        "coordinates": [4.0067229653807654, 3.4050600188689506]
      },
      "properties": {
        "epoch": "z4_5",
        "cluster": 0,
        "intensity": 1.0
      }
    },
    {
      "type": "Feature",
      "geometry": {
        "type": "Point",
        "coordinates": [3.243218759286604, 3.366896794315306]
      },
      "properties": {
        "epoch": "z4_5",
        "cluster": 0,
        "intensity": 1.0
      }
    },
    {
      "type": "Feature",
      "geometry": {
        "type": "Point",
        "coordinates": [3.736726416962235, 3.2203792441103216]
      },
      "properties": {
        "epoch": "z4_5",
        "cluster": 0,
        "intensity": 1.0
      }
    },
    {
      "type": "Feature",
      "geometry": {
        "type": "Point",
        "coordinates": [3.2949525526713668, 3.118741645509621]
      },
      "properties": {
        "epoch": "z4_5",
        "cluster": 0,
        "intensity": 1.0
      }
    },
    {
      "type": "Feature",
      "geometry": {
        "type": "Point",
        "coordinates": [3.4907877452188996, 3.30568288223501]
      },
      "properties": {
        "epoch": "z4_5",
        "cluster": 0,
        "intensity": 1.0
      }
    },
    {
      "type": "Feature",
      "geometry": {
        "type": "Point",
        "coordinates": [3.470022512575815, 3.4838051010611126]
      },
      "properties": {
        "epoch": "z4_5",
        "cluster": 0,
        "intensity": 1.0
      }
    },
    {
      "type": "Feature",
      "geometry": {
        "type": "Point",
        "coordinates": [3.362513125486789, 2.8671532828727146]
      },
      "properties": {
        "epoch": "z4_5",
        "cluster": 0,
        "intensity": 1.0
      }
    },
    {
      "type": "Feature",
      "geometry": {
        "type": "Point",
        "coordinates": [3.41515163903269, 3.6372226615953624]
      },
      "properties": {
        "epoch": "z4_5",
        "cluster": 0,
        "intensity": 1.0
      }
    },
    {
      "type": "Feature",
      "geometry": {
        "type": "Point",
        "coordinates": [3.4567109232123285, 3.8852022219478055]
      },
      "properties": {
        "epoch": "z4_5",
        "cluster": 0,
        "intensity": 1.0
      }
    },
    {
      "type": "Feature",
      "geometry": {
        "type": "Point",
        "coordinates": [3.722871058596215, 3.0088934839389183]
      },
      "properties": {
        "epoch": "z4_5",
        "cluster": 0,
        "intensity": 1.0
      }
    },
    {
      "type": "Feature",
      "geometry": {
        "type": "Point",
        "coordinates": [3.3914284508042103, 3.3608431178484532]
      },
      "properties": {
        "epoch": "z4_5",
        "cluster": 0,
        "intensity": 1.0
      }
    },
    {
      "type": "Feature",
      "geometry": {
        "type": "Point",
        "coordinates": [3.305589019428805, 3.8936446632579]
      },
      "properties": {
        "epoch": "z4_5",
        "cluster": 0,
        "intensity": 1.0
      }
    },
    {
      "type": "Feature",
      "geometry": {
        "type": "Point",
        "coordinates": [3.352277304776695, 3.4702358639876705]
      },
      "properties": {
        "epoch": "z4_5",
        "cluster": 0,
        "intensity": 1.0
      }
    },
    {
      "type": "Feature",
      "geometry": {
        "type": "Point",
        "coordinates": [3.965032472565036, 3.2726998982488316]
      },
      "properties": {
        "epoch": "z4_5",
        "cluster": 0,
        "intensity": 1.0
      }
    },
    {
      "type": "Feature",
      "geometry": {
        "type": "Point",
        "coordinates": [3.351034718654623, 3.231733414431346]
      },
      "properties": {
        "epoch": "z4_5",
        "cluster": 0,
        "intensity": 1.0
      }
    },
    {
      "type": "Feature",
      "geometry": {
        "type": "Point",
        "coordinates": [3.6905540993668517, 3.51893802321538]
      },
      "properties": {
        "epoch": "z4_5",
        "cluster": 0,
        "intensity": 1.0
      }
    },
    {
      "type": "Feature",
      "geometry": {
        "type": "Point",
        "coordinates": [3.6141792339990624, 2.949944393504786]
      },
      "properties": {
        "epoch": "z4_5",
        "cluster": 0,
        "intensity": 1.0
      }
    },
    {
      "type": "Feature",
      "geometry": {
        "type": "Point",
        "coordinates": [3.6105809766524266, 3.131660457111876]
      },
      "properties": {
        "epoch": "z4_5",
        "cluster": 0,
        "intensity": 1.0
      }
    },
    {
      "type": "Feature",
      "geometry": {
        "type": "Point",
        "coordinates": [3.054191040643648, 3.1256099529590546]
      },
      "properties": {
        "epoch": "z4_5",
        "cluster": 0,
        "intensity": 1.0
      }
    },
    {
      "type": "Feature",
      "geometry": {
        "type": "Point",
        "coordinates": [3.241887331303019, 3.446713601817128]
      },
      "properties": {
        "epoch": "z4_5",
        "cluster": 0,
        "intensity": 1.0
      }
    },
    {
      "type": "Feature",
      "geometry": {
        "type": "Point",
        "coordinates": [4.086041188510269, 3.764688414190099]
      },
      "properties": {
        "epoch": "z4_5",
        "cluster": 0,
        "intensity": 1.0
      }
    },
    {
      "type": "Feature",
      "geometry": {
        "type": "Point",
        "coordinates": [3.456697813887802, 3.183151407444182]
      },
      "properties": {
        "epoch": "z4_5",
        "cluster": 0,
        "intensity": 1.0
      }
    },
    {
      "type": "Feature",
      "geometry": {
        "type": "Point",
        "coordinates": [3.772195499830959, 3.5653214030182157]
      },
      "properties": {
        "epoch": "z4_5",
        "cluster": 0,
        "intensity": 1.0
      }
    },
    {
      "type": "Feature",
      "geometry": {
        "type": "Point",
        "coordinates": [3.4953153533600783, 3.2643410154321058]
      },
      "properties": {
        "epoch": "z4_5",
        "cluster": 0,
        "intensity": 1.0
      }
    },
    {
      "type": "Feature",
      "geometry": {
        "type": "Point",
        "coordinates": [4.151732337288223, 3.273137120278195]
      },
      "properties": {
        "epoch": "z4_5",
        "cluster": 0,
        "intensity": 1.0
      }
    },
    {
      "type": "Feature",
      "geometry": {
        "type": "Point",
        "coordinates": [3.4786696394272134, 3.329978495968739]
      },
      "properties": {
        "epoch": "z4_5",
        "cluster": 0,
        "intensity": 1.0
      }
    },
    {
      "type": "Feature",
      "geometry": {
        "type": "Point",
        "coordinates": [3.744925590532464, 3.0445895356953545]
      },
      "properties": {
        "epoch": "z4_5",
        "cluster": 0,
        "intensity": 1.0
      }
    },
    {
      "type": "Feature",
      "geometry": {
        "type": "Point",
        "coordinates": [3.5378992985824445, 3.008409845320378]
      },
      "properties": {
        "epoch": "z4_5",
        "cluster": 0,
        "intensity": 1.0
      }
    },
    {
      "type": "Feature",
      "geometry": {
        "type": "Point",
        "coordinates": [3.5304341116248565, 3.7692311321950256]
      },
      "properties": {
        "epoch": "z4_5",
        "cluster": 0,
        "intensity": 1.0
      }
    },
    {
      "type": "Feature",
      "geometry": {
        "type": "Point",
        "coordinates": [3.7854305446669727, 3.276864187320335]
      },
      "properties": {
        "epoch": "z4_5",
        "cluster": 0,
        "intensity": 1.0
      }
    },
    {
      "type": "Feature",
      "geometry": {
        "type": "Point",
        "coordinates": [3.3667219936034076, 3.222148010130209]
      },
      "properties": {
        "epoch": "z4_5",
        "cluster": 0,
        "intensity": 1.0
      }
    },
    {
      "type": "Feature",
      "geometry": {
        "type": "Point",
        "coordinates": [3.8626833319363016, 3.1595782974248325]
      },
      "properties": {
        "epoch": "z4_5",
        "cluster": 0,
        "intensity": 1.0
      }
    },
    {
      "type": "Feature",
      "geometry": {
        "type": "Point",
        "coordinates": [3.962605164380032, 2.956590911184542]
      },
      "properties": {
        "epoch": "z4_5",
        "cluster": 0,
        "intensity": 1.0
      }
    },
    {
      "type": "Feature",
      "geometry": {
        "type": "Point",
        "coordinates": [3.5274884266786986, 3.735691083321055]
      },
      "properties": {
        "epoch": "z4_5",
        "cluster": 0,
        "intensity": 1.0
      }
    },
    {
      "type": "Feature",
      "geometry": {
        "type": "Point",
        "coordinates": [3.0980403077365803, 3.597103289337455]
      },
      "properties": {
        "epoch": "z4_5",
        "cluster": 0,
        "intensity": 1.0
      }
    },
    {
      "type": "Feature",
      "geometry": {
        "type": "Point",
        "coordinates": [3.137155731339892, 3.2774800382335023]
      },
      "properties": {
        "epoch": "z4_5",
        "cluster": 0,
        "intensity": 1.0
      }
    },
    {
      "type": "Feature",
      "geometry": {
        "type": "Point",
        "coordinates": [3.55686631539723, 3.5060733726779385]
      },
      "properties": {
        "epoch": "z4_5",
        "cluster": 0,
        "intensity": 1.0
      }
    },
    {
      "type": "Feature",
      "geometry": {
        "type": "Point",
        "coordinates": [2.8113642134689045, 2.8205475467871755]
      },
      "properties": {
        "epoch": "z4_5",
        "cluster": 0,
        "intensity": 1.0
      }
    },
    {
      "type": "Feature",
      "geometry": {
        "type": "Point",
        "coordinates": [3.4584959265915547, 3.3092237600689964]
      },
      "properties": {
        "epoch": "z4_5",
        "cluster": 0,
        "intensity": 1.0
      }
    },
    {
      "type": "Feature",
      "geometry": {
        "type": "Point",
        "coordinates": [3.3766957863852216, 3.244783255861706]
      },
      "properties": {
        "epoch": "z4_5",
        "cluster": 0,
        "intensity": 1.0
      }
    },
    {
      "type": "Feature",
      "geometry": {
        "type": "Point",
        "coordinates": [3.303456708297365, 3.1996817581820527]
      },
      "properties": {
        "epoch": "z4_5",
        "cluster": 0,
        "intensity": 1.0
      }
    },
    {
      "type": "Feature",
      "geometry": {
        "type": "Point",
        "coordinates": [3.3883084628274545, 3.361005325253434]
      },
      "properties": {
        "epoch": "z4_5",
        "cluster": 0,
        "intensity": 1.0
      }
    },
    {
      "type": "Feature",
      "geometry": {
        "type": "Point",
        "coordinates": [3.7453549625606715, 3.658232515701763]
      },
      "properties": {
        "epoch": "z4_5",
        "cluster": 0,
        "intensity": 1.0
      }
    },
    {
      "type": "Feature",
      "geometry": {
        "type": "Point",
        "coordinates": [3.435895363695934, 3.2205020441869183]
      },
      "properties": {
        "epoch": "z4_5",
        "cluster": 0,
        "intensity": 1.0
      }
    },
    {
      "type": "Feature",
      "geometry": {
        "type": "Point",
        "coordinates": [3.6119363568605936, 3.226270183227303]
      },
      "properties": {
        "epoch": "z4_5",
        "cluster": 0,
        "intensity": 1.0
      }
    },
    {
      "type": "Feature",
      "geometry": {
        "type": "Point",
        "coordinates": [3.5870023632245407, 2.909455317742945]
      },
      "properties": {
        "epoch": "z4_5",
        "cluster": 0,
        "intensity": 1.0
      }
    },
    {
      "type": "Feature",
      "geometry": {
        "type": "Point",
        "coordinates": [3.6929387058925447, 3.0712021099246902]
      },
      "properties": {
        "epoch": "z4_5",
        "cluster": 0,
        "intensity": 1.0
      }
    },
    {
      "type": "Feature",
      "geometry": {
        "type": "Point",
        "coordinates": [3.36075960800085, 2.902968449024462]
      },
      "properties": {
        "epoch": "z4_5",
        "cluster": 0,
        "intensity": 1.0
      }
    },
    {
      "type": "Feature",
      "geometry": {
        "type": "Point",
        "coordinates": [3.8902504076653504, 3.2648477246756986]
      },
      "properties": {
        "epoch": "z4_5",
        "cluster": 0,
        "intensity": 1.0
      }
    },
    {
      "type": "Feature",
      "geometry": {
        "type": "Point",
        "coordinates": [3.8873729955950003, 3.368075420462037]
      },
      "properties": {
        "epoch": "z4_5",
        "cluster": 0,
        "intensity": 1.0
      }
    },
    {
      "type": "Feature",
      "geometry": {
        "type": "Point",
        "coordinates": [3.174159768426021, 3.0290758922762837]
      },
      "properties": {
        "epoch": "z4_5",
        "cluster": 0,
        "intensity": 1.0
      }
    },
    {
      "type": "Feature",
      "geometry": {
        "type": "Point",
        "coordinates": [3.7894829934851524, 3.1085793214522397]
      },
      "properties": {
        "epoch": "z4_5",
        "cluster": 0,
        "intensity": 1.0
      }
    },
    {
      "type": "Feature",
      "geometry": {
        "type": "Point",
        "coordinates": [3.3274139877812545, 3.2551552179319274]
      },
      "properties": {
        "epoch": "z4_5",
        "cluster": 0,
        "intensity": 1.0
      }
    },
    {
      "type": "Feature",
      "geometry": {
        "type": "Point",
        "coordinates": [3.5557582093109357, 3.047033150226676]
      },
      "properties": {
        "epoch": "z4_5",
        "cluster": 0,
        "intensity": 1.0
      }
    },
    {
      "type": "Feature",
      "geometry": {
        "type": "Point",
        "coordinates": [3.5184636860966343, 3.180376831665924]
      },
      "properties": {
        "epoch": "z4_5",
        "cluster": 0,
        "intensity": 1.0
      }
    },
    {
      "type": "Feature",
      "geometry": {
        "type": "Point",
        "coordinates": [2.9525025906352664, 3.425665881738267]
      },
      "properties": {
        "epoch": "z4_5",
        "cluster": 0,
        "intensity": 1.0
      }
    },
    {
      "type": "Feature",
      "geometry": {
        "type": "Point",
        "coordinates": [7.397156258411644, 4.126109856189644]
      },
      "properties": {
        "epoch": "z4_5",
        "cluster": 1,
        "intensity": 1.0
      }
    },
    {
      "type": "Feature",
      "geometry": {
        "type": "Point",
        "coordinates": [7.312468941185137, 3.40510040506966]
      },
      "properties": {
        "epoch": "z4_5",
        "cluster": 1,
        "intensity": 1.0
      }
    },
    {
      "type": "Feature",
      "geometry": {
        "type": "Point",
        "coordinates": [7.8969059859966695, 3.4037362210509157]
      },
      "properties": {
        "epoch": "z4_5",
        "cluster": 1,
        "intensity": 1.0
      }
    },
    {
      "type": "Feature",
      "geometry": {
        "type": "Point",
        "coordinates": [7.4409564326552085, 3.9493341796214696]
      },
      "properties": {
        "epoch": "z4_5",
        "cluster": 1,
        "intensity": 1.0
      }
    },
    {
      "type": "Feature",
      "geometry": {
        "type": "Point",
        "coordinates": [7.517588474986296, 3.3861320077726913]
      },
      "properties": {
        "epoch": "z4_5",
        "cluster": 1,
        "intensity": 1.0
      }
    },
    {
      "type": "Feature",
      "geometry": {
        "type": "Point",
        "coordinates": [7.647008808652909, 3.751419272207189]
      },
      "properties": {
        "epoch": "z4_5",
        "cluster": 1,
        "intensity": 1.0
      }
    },
    {
      "type": "Feature",
      "geometry": {
        "type": "Point",
        "coordinates": [7.920963766016928, 3.9471619760025827]
      },
      "properties": {
        "epoch": "z4_5",
        "cluster": 1,
        "intensity": 1.0
      }
    },
    {
      "type": "Feature",
      "geometry": {
        "type": "Point",
        "coordinates": [8.358928574527889, 3.388526491005131]
      },
      "properties": {
        "epoch": "z4_5",
        "cluster": 1,
        "intensity": 1.0
      }
    },
    {
      "type": "Feature",
      "geometry": {
        "type": "Point",
        "coordinates": [7.5945813116763015, 3.533336377241554]
      },
      "properties": {
        "epoch": "z4_5",
        "cluster": 1,
        "intensity": 1.0
      }
    },
    {
      "type": "Feature",
      "geometry": {
        "type": "Point",
        "coordinates": [7.888687625208003, 4.005459494438371]
      },
      "properties": {
        "epoch": "z4_5",
        "cluster": 1,
        "intensity": 1.0
      }
    },
    {
      "type": "Feature",
      "geometry": {
        "type": "Point",
        "coordinates": [7.788509456637766, 3.605667010853653]
      },
      "properties": {
        "epoch": "z4_5",
        "cluster": 1,
        "intensity": 1.0
      }
    },
    {
      "type": "Feature",
      "geometry": {
        "type": "Point",
        "coordinates": [7.413712106154109, 3.2925800280841244]
      },
      "properties": {
        "epoch": "z4_5",
        "cluster": 1,
        "intensity": 1.0
      }
    },
    {
      "type": "Feature",
      "geometry": {
        "type": "Point",
        "coordinates": [8.027375035477215, 3.927054823574081]
      },
      "properties": {
        "epoch": "z4_5",
        "cluster": 1,
        "intensity": 1.0
      }
    },
    {
      "type": "Feature",
      "geometry": {
        "type": "Point",
        "coordinates": [7.534785012370103, 4.03337883588475]
      },
      "properties": {
        "epoch": "z4_5",
        "cluster": 1,
        "intensity": 1.0
      }
    },
    {
      "type": "Feature",
      "geometry": {
        "type": "Point",
        "coordinates": [7.787728884158589, 4.043816048684368]
      },
      "properties": {
        "epoch": "z4_5",
        "cluster": 1,
        "intensity": 1.0
      }
    },
    {
      "type": "Feature",
      "geometry": {
        "type": "Point",
        "coordinates": [7.194115638853373, 3.621541014250815]
      },
      "properties": {
        "epoch": "z4_5",
        "cluster": 1,
        "intensity": 1.0
      }
    },
    {
      "type": "Feature",
      "geometry": {
        "type": "Point",
        "coordinates": [7.648860495266886, 3.888855286302517]
      },
      "properties": {
        "epoch": "z4_5",
        "cluster": 1,
        "intensity": 1.0
      }
    },
    {
      "type": "Feature",
      "geometry": {
        "type": "Point",
        "coordinates": [7.839308715862337, 3.547841112436366]
      },
      "properties": {
        "epoch": "z4_5",
        "cluster": 1,
        "intensity": 1.0
      }
    },
    {
      "type": "Feature",
      "geometry": {
        "type": "Point",
        "coordinates": [7.6318022839444435, 4.351338447994135]
      },
      "properties": {
        "epoch": "z4_5",
        "cluster": 1,
        "intensity": 1.0
      }
    },
    {
      "type": "Feature",
      "geometry": {
        "type": "Point",
        "coordinates": [7.772980494402697, 4.017640721026866]
      },
      "properties": {
        "epoch": "z4_5",
        "cluster": 1,
        "intensity": 1.0
      }
    },
    {
      "type": "Feature",
      "geometry": {
        "type": "Point",
        "coordinates": [7.595203182433258, 3.991906753254867]
      },
      "properties": {
        "epoch": "z4_5",
        "cluster": 1,
        "intensity": 1.0
      }
    },
    {
      "type": "Feature",
      "geometry": {
        "type": "Point",
        "coordinates": [8.050997446674435, 3.826660496816084]
      },
      "properties": {
        "epoch": "z4_5",
        "cluster": 1,
        "intensity": 1.0
      }
    },
    {
      "type": "Feature",
      "geometry": {
        "type": "Point",
        "coordinates": [7.905994601206835, 3.5812151554171407]
      },
      "properties": {
        "epoch": "z4_5",
        "cluster": 1,
        "intensity": 1.0
      }
    },
    {
      "type": "Feature",
      "geometry": {
        "type": "Point",
        "coordinates": [7.747524691657707, 4.026054168799241]
      },
      "properties": {
        "epoch": "z4_5",
        "cluster": 1,
        "intensity": 1.0
      }
    },
    {
      "type": "Feature",
      "geometry": {
        "type": "Point",
        "coordinates": [7.411999155185451, 4.074531049637224]
      },
      "properties": {
        "epoch": "z4_5",
        "cluster": 1,
        "intensity": 1.0
      }
    },
    {
      "type": "Feature",
      "geometry": {
        "type": "Point",
        "coordinates": [7.431188350991729, 3.598690185615044]
      },
      "properties": {
        "epoch": "z4_5",
        "cluster": 1,
        "intensity": 1.0
      }
    },
    {
      "type": "Feature",
      "geometry": {
        "type": "Point",
        "coordinates": [7.5997019122237175, 4.282997435744143]
      },
      "properties": {
        "epoch": "z4_5",
        "cluster": 1,
        "intensity": 1.0
      }
    },
    {
      "type": "Feature",
      "geometry": {
        "type": "Point",
        "coordinates": [7.677288238268201, 4.033946195513616]
      },
      "properties": {
        "epoch": "z4_5",
        "cluster": 1,
        "intensity": 1.0
      }
    },
    {
      "type": "Feature",
      "geometry": {
        "type": "Point",
        "coordinates": [7.417050569672474, 3.8193743639356996]
      },
      "properties": {
        "epoch": "z4_5",
        "cluster": 1,
        "intensity": 1.0
      }
    },
    {
      "type": "Feature",
      "geometry": {
        "type": "Point",
        "coordinates": [7.305860907503228, 3.6572234066652203]
      },
      "properties": {
        "epoch": "z4_5",
        "cluster": 1,
        "intensity": 1.0
      }
    },
    {
      "type": "Feature",
      "geometry": {
        "type": "Point",
        "coordinates": [7.80891016719805, 3.7904006735222273]
      },
      "properties": {
        "epoch": "z4_5",
        "cluster": 1,
        "intensity": 1.0
      }
    },
    {
      "type": "Feature",
      "geometry": {
        "type": "Point",
        "coordinates": [7.962824085536007, 3.74939588969733]
      },
      "properties": {
        "epoch": "z4_5",
        "cluster": 1,
        "intensity": 1.0
      }
    },
    {
      "type": "Feature",
      "geometry": {
        "type": "Point",
        "coordinates": [7.550516018131889, 4.119170386933385]
      },
      "properties": {
        "epoch": "z4_5",
        "cluster": 1,
        "intensity": 1.0
      }
    },
    {
      "type": "Feature",
      "geometry": {
        "type": "Point",
        "coordinates": [7.437845873596705, 3.420058848539955]
      },
      "properties": {
        "epoch": "z4_5",
        "cluster": 1,
        "intensity": 1.0
      }
    },
    {
      "type": "Feature",
      "geometry": {
        "type": "Point",
        "coordinates": [7.925319230197135, 3.9035469689857205]
      },
      "properties": {
        "epoch": "z4_5",
        "cluster": 1,
        "intensity": 1.0
      }
    },
    {
      "type": "Feature",
      "geometry": {
        "type": "Point",
        "coordinates": [7.058701263105445, 3.8111323303422964]
      },
      "properties": {
        "epoch": "z4_5",
        "cluster": 1,
        "intensity": 1.0
      }
    },
    {
      "type": "Feature",
      "geometry": {
        "type": "Point",
        "coordinates": [7.49905325020417, 4.236209915029819]
      },
      "properties": {
        "epoch": "z4_5",
        "cluster": 1,
        "intensity": 1.0
      }
    },
    {
      "type": "Feature",
      "geometry": {
        "type": "Point",
        "coordinates": [7.417752146695406, 3.654807986069113]
      },
      "properties": {
        "epoch": "z4_5",
        "cluster": 1,
        "intensity": 1.0
      }
    },
    {
      "type": "Feature",
      "geometry": {
        "type": "Point",
        "coordinates": [7.372399794131617, 3.536485978335015]
      },
      "properties": {
        "epoch": "z4_5",
        "cluster": 1,
        "intensity": 1.0
      }
    },
    {
      "type": "Feature",
      "geometry": {
        "type": "Point",
        "coordinates": [7.424876019828006, 3.441018881378467]
      },
      "properties": {
        "epoch": "z4_5",
        "cluster": 1,
        "intensity": 1.0
      }
    },
    {
      "type": "Feature",
      "geometry": {
        "type": "Point",
        "coordinates": [7.342200654681973, 3.3983536908380603]
      },
      "properties": {
        "epoch": "z4_5",
        "cluster": 1,
        "intensity": 1.0
      }
    },
    {
      "type": "Feature",
      "geometry": {
        "type": "Point",
        "coordinates": [7.225680320220811, 3.41008124218314]
      },
      "properties": {
        "epoch": "z4_5",
        "cluster": 1,
        "intensity": 1.0
      }
    },
    {
      "type": "Feature",
      "geometry": {
        "type": "Point",
        "coordinates": [7.4697102664348405, 3.629077863603064]
      },
      "properties": {
        "epoch": "z4_5",
        "cluster": 1,
        "intensity": 1.0
      }
    },
    {
      "type": "Feature",
      "geometry": {
        "type": "Point",
        "coordinates": [7.2933824005895636, 3.9195677187548843]
      },
      "properties": {
        "epoch": "z4_5",
        "cluster": 1,
        "intensity": 1.0
      }
    },
    {
      "type": "Feature",
      "geometry": {
        "type": "Point",
        "coordinates": [7.5879810296076, 3.692006011872803]
      },
      "properties": {
        "epoch": "z4_5",
        "cluster": 1,
        "intensity": 1.0
      }
    },
    {
      "type": "Feature",
      "geometry": {
        "type": "Point",
        "coordinates": [7.484006680234973, 4.19821989039896]
      },
      "properties": {
        "epoch": "z4_5",
        "cluster": 1,
        "intensity": 1.0
      }
    },
    {
      "type": "Feature",
      "geometry": {
        "type": "Point",
        "coordinates": [7.6599535269693755, 3.9188445817486666]
      },
      "properties": {
        "epoch": "z4_5",
        "cluster": 1,
        "intensity": 1.0
      }
    },
    {
      "type": "Feature",
      "geometry": {
        "type": "Point",
        "coordinates": [6.953490014030903, 3.6365663776488675]
      },
      "properties": {
        "epoch": "z4_5",
        "cluster": 1,
        "intensity": 1.0
      }
    },
    {
      "type": "Feature",
      "geometry": {
        "type": "Point",
        "coordinates": [7.057248303998531, 3.6934489182043717]
      },
      "properties": {
        "epoch": "z4_5",
        "cluster": 1,
        "intensity": 1.0
      }
    },
    {
      "type": "Feature",
      "geometry": {
        "type": "Point",
        "coordinates": [7.6933275365857305, 3.6314255582256414]
      },
      "properties": {
        "epoch": "z4_5",
        "cluster": 1,
        "intensity": 1.0
      }
    },
    {
      "type": "Feature",
      "geometry": {
        "type": "Point",
        "coordinates": [7.72965220756059, 3.5443125062361576]
      },
      "properties": {
        "epoch": "z4_5",
        "cluster": 1,
        "intensity": 1.0
      }
    },
    {
      "type": "Feature",
      "geometry": {
        "type": "Point",
        "coordinates": [7.743950786886887, 3.4115976673415536]
      },
      "properties": {
        "epoch": "z4_5",
        "cluster": 1,
        "intensity": 1.0
      }
    },
    {
      "type": "Feature",
      "geometry": {
        "type": "Point",
        "coordinates": [7.5345779371729265, 3.9049517995059606]
      },
      "properties": {
        "epoch": "z4_5",
        "cluster": 1,
        "intensity": 1.0
      }
    },
    {
      "type": "Feature",
      "geometry": {
        "type": "Point",
        "coordinates": [7.733980197054358, 3.7681841592772454]
      },
      "properties": {
        "epoch": "z4_5",
        "cluster": 1,
        "intensity": 1.0
      }
    },
    {
      "type": "Feature",
      "geometry": {
        "type": "Point",
        "coordinates": [8.084928567407637, 3.696395040754448]
      },
      "properties": {
        "epoch": "z4_5",
        "cluster": 1,
        "intensity": 1.0
      }
    },
    {
      "type": "Feature",
      "geometry": {
        "type": "Point",
        "coordinates": [7.487251064382669, 3.1101231335846737]
      },
      "properties": {
        "epoch": "z4_5",
        "cluster": 1,
        "intensity": 1.0
      }
    },
    {
      "type": "Feature",
      "geometry": {
        "type": "Point",
        "coordinates": [8.042233456112509, 3.7077504272061574]
      },
      "properties": {
        "epoch": "z4_5",
        "cluster": 1,
        "intensity": 1.0
      }
    },
    {
      "type": "Feature",
      "geometry": {
        "type": "Point",
        "coordinates": [7.305996126070766, 4.130226111763872]
      },
      "properties": {
        "epoch": "z4_5",
        "cluster": 1,
        "intensity": 1.0
      }
    },
    {
      "type": "Feature",
      "geometry": {
        "type": "Point",
        "coordinates": [7.908876530868916, 3.8270814061415153]
      },
      "properties": {
        "epoch": "z4_5",
        "cluster": 1,
        "intensity": 1.0
      }
    },
    {
      "type": "Feature",
      "geometry": {
        "type": "Point",
        "coordinates": [7.241269607842817, 3.904744012732116]
      },
      "properties": {
        "epoch": "z4_5",
        "cluster": 1,
        "intensity": 1.0
      }
    },
    {
      "type": "Feature",
      "geometry": {
        "type": "Point",
        "coordinates": [5.944652002889254, 7.007307051158936]
      },
      "properties": {
        "epoch": "z4_5",
        "cluster": 2,
        "intensity": 1.0
      }
    },
    {
      "type": "Feature",
      "geometry": {
        "type": "Point",
        "coordinates": [6.360843091785879, 6.766851978403447]
      },
      "properties": {
        "epoch": "z4_5",
        "cluster": 2,
        "intensity": 1.0
      }
    },
    {
      "type": "Feature",
      "geometry": {
        "type": "Point",
        "coordinates": [6.241790814341764, 7.414838774142541]
      },
      "properties": {
        "epoch": "z4_5",
        "cluster": 2,
        "intensity": 1.0
      }
    },
    {
      "type": "Feature",
      "geometry": {
        "type": "Point",
        "coordinates": [6.612752700780669, 7.381293457957482]
      },
      "properties": {
        "epoch": "z4_5",
        "cluster": 2,
        "intensity": 1.0
      }
    },
    {
      "type": "Feature",
      "geometry": {
        "type": "Point",
        "coordinates": [5.585392127209066, 7.090969753107318]
      },
      "properties": {
        "epoch": "z4_5",
        "cluster": 2,
        "intensity": 1.0
      }
    },
    {
      "type": "Feature",
      "geometry": {
        "type": "Point",
        "coordinates": [6.116166730326398, 7.388890910902446]
      },
      "properties": {
        "epoch": "z4_5",
        "cluster": 2,
        "intensity": 1.0
      }
    },
    {
      "type": "Feature",
      "geometry": {
        "type": "Point",
        "coordinates": [6.345204019085929, 6.810081059480235]
      },
      "properties": {
        "epoch": "z4_5",
        "cluster": 2,
        "intensity": 1.0
      }
    },
    {
      "type": "Feature",
      "geometry": {
        "type": "Point",
        "coordinates": [6.017512578199985, 7.542465236525633]
      },
      "properties": {
        "epoch": "z4_5",
        "cluster": 2,
        "intensity": 1.0
      }
    },
    {
      "type": "Feature",
      "geometry": {
        "type": "Point",
        "coordinates": [6.485992448885615, 7.765255955828157]
      },
      "properties": {
        "epoch": "z4_5",
        "cluster": 2,
        "intensity": 1.0
      }
    },
    {
      "type": "Feature",
      "geometry": {
        "type": "Point",
        "coordinates": [6.002445205658879, 7.574401314151605]
      },
      "properties": {
        "epoch": "z4_5",
        "cluster": 2,
        "intensity": 1.0
      }
    },
    {
      "type": "Feature",
      "geometry": {
        "type": "Point",
        "coordinates": [6.527928085602198, 7.599517380848202]
      },
      "properties": {
        "epoch": "z4_5",
        "cluster": 2,
        "intensity": 1.0
      }
    },
    {
      "type": "Feature",
      "geometry": {
        "type": "Point",
        "coordinates": [6.280921315508006, 7.506949231952255]
      },
      "properties": {
        "epoch": "z4_5",
        "cluster": 2,
        "intensity": 1.0
      }
    },
    {
      "type": "Feature",
      "geometry": {
        "type": "Point",
        "coordinates": [5.902528922099595, 6.938187557246387]
      },
      "properties": {
        "epoch": "z4_5",
        "cluster": 2,
        "intensity": 1.0
      }
    },
    {
      "type": "Feature",
      "geometry": {
        "type": "Point",
        "coordinates": [6.3457119821600045, 7.2132332979043]
      },
      "properties": {
        "epoch": "z4_5",
        "cluster": 2,
        "intensity": 1.0
      }
    },
    {
      "type": "Feature",
      "geometry": {
        "type": "Point",
        "coordinates": [6.092966604820399, 7.155319987021406]
      },
      "properties": {
        "epoch": "z4_5",
        "cluster": 2,
        "intensity": 1.0
      }
    },
    {
      "type": "Feature",
      "geometry": {
        "type": "Point",
        "coordinates": [6.00177328953758, 7.358187348671471]
      },
      "properties": {
        "epoch": "z4_5",
        "cluster": 2,
        "intensity": 1.0
      }
    },
    {
      "type": "Feature",
      "geometry": {
        "type": "Point",
        "coordinates": [5.84453515645209, 7.317125002979194]
      },
      "properties": {
        "epoch": "z4_5",
        "cluster": 2,
        "intensity": 1.0
      }
    },
    {
      "type": "Feature",
      "geometry": {
        "type": "Point",
        "coordinates": [6.161513718807269, 7.280661144802816]
      },
      "properties": {
        "epoch": "z4_5",
        "cluster": 2,
        "intensity": 1.0
      }
    },
    {
      "type": "Feature",
      "geometry": {
        "type": "Point",
        "coordinates": [5.914092548086399, 7.496654963379588]
      },
      "properties": {
        "epoch": "z4_5",
        "cluster": 2,
        "intensity": 1.0
      }
    },
    {
      "type": "Feature",
      "geometry": {
        "type": "Point",
        "coordinates": [6.568159240998325, 7.149689260048394]
      },
      "properties": {
        "epoch": "z4_5",
        "cluster": 2,
        "intensity": 1.0
      }
    },
    {
      "type": "Feature",
      "geometry": {
        "type": "Point",
        "coordinates": [6.408615712656993, 7.522316014819856]
      },
      "properties": {
        "epoch": "z4_5",
        "cluster": 2,
        "intensity": 1.0
      }
    },
    {
      "type": "Feature",
      "geometry": {
        "type": "Point",
        "coordinates": [5.436687070487332, 7.109701475013395]
      },
      "properties": {
        "epoch": "z4_5",
        "cluster": 2,
        "intensity": 1.0
      }
    },
    {
      "type": "Feature",
      "geometry": {
        "type": "Point",
        "coordinates": [5.941039923853679, 7.495442887695288]
      },
      "properties": {
        "epoch": "z4_5",
        "cluster": 2,
        "intensity": 1.0
      }
    },
    {
      "type": "Feature",
      "geometry": {
        "type": "Point",
        "coordinates": [6.147121970259372, 7.418599522367376]
      },
      "properties": {
        "epoch": "z4_5",
        "cluster": 2,
        "intensity": 1.0
      }
    },
    {
      "type": "Feature",
      "geometry": {
        "type": "Point",
        "coordinates": [6.259069716967815, 7.075270821289417]
      },
      "properties": {
        "epoch": "z4_5",
        "cluster": 2,
        "intensity": 1.0
      }
    },
    {
      "type": "Feature",
      "geometry": {
        "type": "Point",
        "coordinates": [5.913362512124744, 6.9942777593216725]
      },
      "properties": {
        "epoch": "z4_5",
        "cluster": 2,
        "intensity": 1.0
      }
    },
    {
      "type": "Feature",
      "geometry": {
        "type": "Point",
        "coordinates": [6.057432350148258, 7.270224198334528]
      },
      "properties": {
        "epoch": "z4_5",
        "cluster": 2,
        "intensity": 1.0
      }
    },
    {
      "type": "Feature",
      "geometry": {
        "type": "Point",
        "coordinates": [6.142801331749911, 7.11817309347705]
      },
      "properties": {
        "epoch": "z4_5",
        "cluster": 2,
        "intensity": 1.0
      }
    },
    {
      "type": "Feature",
      "geometry": {
        "type": "Point",
        "coordinates": [6.326631149535765, 7.529277703985468]
      },
      "properties": {
        "epoch": "z4_5",
        "cluster": 2,
        "intensity": 1.0
      }
    },
    {
      "type": "Feature",
      "geometry": {
        "type": "Point",
        "coordinates": [6.486629702167025, 7.477826973849255]
      },
      "properties": {
        "epoch": "z4_5",
        "cluster": 2,
        "intensity": 1.0
      }
    },
    {
      "type": "Feature",
      "geometry": {
        "type": "Point",
        "coordinates": [6.146377809617329, 7.468105993213163]
      },
      "properties": {
        "epoch": "z4_5",
        "cluster": 2,
        "intensity": 1.0
      }
    },
    {
      "type": "Feature",
      "geometry": {
        "type": "Point",
        "coordinates": [6.2524379473132985, 7.137046275023614]
      },
      "properties": {
        "epoch": "z4_5",
        "cluster": 2,
        "intensity": 1.0
      }
    },
    {
      "type": "Feature",
      "geometry": {
        "type": "Point",
        "coordinates": [6.422346335427921, 7.729629538041214]
      },
      "properties": {
        "epoch": "z4_5",
        "cluster": 2,
        "intensity": 1.0
      }
    },
    {
      "type": "Feature",
      "geometry": {
        "type": "Point",
        "coordinates": [6.594238295102461, 7.308806427261603]
      },
      "properties": {
        "epoch": "z4_5",
        "cluster": 2,
        "intensity": 1.0
      }
    },
    {
      "type": "Feature",
      "geometry": {
        "type": "Point",
        "coordinates": [6.181067610824526, 7.404089722630373]
      },
      "properties": {
        "epoch": "z4_5",
        "cluster": 2,
        "intensity": 1.0
      }
    },
    {
      "type": "Feature",
      "geometry": {
        "type": "Point",
        "coordinates": [6.099363609199852, 7.454822191553447]
      },
      "properties": {
        "epoch": "z4_5",
        "cluster": 2,
        "intensity": 1.0
      }
    },
    {
      "type": "Feature",
      "geometry": {
        "type": "Point",
        "coordinates": [6.069705037298188, 7.251554149062964]
      },
      "properties": {
        "epoch": "z4_5",
        "cluster": 2,
        "intensity": 1.0
      }
    },
    {
      "type": "Feature",
      "geometry": {
        "type": "Point",
        "coordinates": [6.539745542246657, 7.3411788599754715]
      },
      "properties": {
        "epoch": "z4_5",
        "cluster": 2,
        "intensity": 1.0
      }
    },
    {
      "type": "Feature",
      "geometry": {
        "type": "Point",
        "coordinates": [6.1167525502693385, 7.520504819258114]
      },
      "properties": {
        "epoch": "z4_5",
        "cluster": 2,
        "intensity": 1.0
      }
    },
    {
      "type": "Feature",
      "geometry": {
        "type": "Point",
        "coordinates": [6.1375832406123285, 7.372905564302315]
      },
      "properties": {
        "epoch": "z4_5",
        "cluster": 2,
        "intensity": 1.0
      }
    },
    {
      "type": "Feature",
      "geometry": {
        "type": "Point",
        "coordinates": [6.084108955880248, 6.994895876961175]
      },
      "properties": {
        "epoch": "z4_5",
        "cluster": 2,
        "intensity": 1.0
      }
    },
    {
      "type": "Feature",
      "geometry": {
        "type": "Point",
        "coordinates": [6.092257071055678, 7.015778809521263]
      },
      "properties": {
        "epoch": "z4_5",
        "cluster": 2,
        "intensity": 1.0
      }
    },
    {
      "type": "Feature",
      "geometry": {
        "type": "Point",
        "coordinates": [6.152537806422711, 7.004640446700147]
      },
      "properties": {
        "epoch": "z4_5",
        "cluster": 2,
        "intensity": 1.0
      }
    },
    {
      "type": "Feature",
      "geometry": {
        "type": "Point",
        "coordinates": [6.329177282887481, 7.487308691399709]
      },
      "properties": {
        "epoch": "z4_5",
        "cluster": 2,
        "intensity": 1.0
      }
    },
    {
      "type": "Feature",
      "geometry": {
        "type": "Point",
        "coordinates": [6.170107063063404, 7.274966530577648]
      },
      "properties": {
        "epoch": "z4_5",
        "cluster": 2,
        "intensity": 1.0
      }
    },
    {
      "type": "Feature",
      "geometry": {
        "type": "Point",
        "coordinates": [6.2040753198837475, 6.808750415685462]
      },
      "properties": {
        "epoch": "z4_5",
        "cluster": 2,
        "intensity": 1.0
      }
    },
    {
      "type": "Feature",
      "geometry": {
        "type": "Point",
        "coordinates": [5.825795025825416, 7.262816684221512]
      },
      "properties": {
        "epoch": "z4_5",
        "cluster": 2,
        "intensity": 1.0
      }
    },
    {
      "type": "Feature",
      "geometry": {
        "type": "Point",
        "coordinates": [6.186314858385641, 7.280151056949288]
      },
      "properties": {
        "epoch": "z4_5",
        "cluster": 2,
        "intensity": 1.0
      }
    },
    {
      "type": "Feature",
      "geometry": {
        "type": "Point",
        "coordinates": [5.848847465403929, 7.333361508655273]
      },
      "properties": {
        "epoch": "z4_5",
        "cluster": 2,
        "intensity": 1.0
      }
    },
    {
      "type": "Feature",
      "geometry": {
        "type": "Point",
        "coordinates": [5.98657489438278, 7.032850739150718]
      },
      "properties": {
        "epoch": "z4_5",
        "cluster": 2,
        "intensity": 1.0
      }
    },
    {
      "type": "Feature",
      "geometry": {
        "type": "Point",
        "coordinates": [6.182375503770972, 7.247505448407244]
      },
      "properties": {
        "epoch": "z4_5",
        "cluster": 2,
        "intensity": 1.0
      }
    },
    {
      "type": "Feature",
      "geometry": {
        "type": "Point",
        "coordinates": [6.399120793924112, 7.466383016738583]
      },
      "properties": {
        "epoch": "z4_5",
        "cluster": 2,
        "intensity": 1.0
      }
    },
    {
      "type": "Feature",
      "geometry": {
        "type": "Point",
        "coordinates": [6.2836678334616165, 7.380416655876515]
      },
      "properties": {
        "epoch": "z4_5",
        "cluster": 2,
        "intensity": 1.0
      }
    },
    {
      "type": "Feature",
      "geometry": {
        "type": "Point",
        "coordinates": [5.8887055056930855, 7.066093214467912]
      },
      "properties": {
        "epoch": "z4_5",
        "cluster": 2,
        "intensity": 1.0
      }
    },
    {
      "type": "Feature",
      "geometry": {
        "type": "Point",
        "coordinates": [5.732210475577226, 8.0197531243909]
      },
      "properties": {
        "epoch": "z4_5",
        "cluster": 2,
        "intensity": 1.0
      }
    },
    {
      "type": "Feature",
      "geometry": {
        "type": "Point",
        "coordinates": [5.830138802711825, 7.247542041386131]
      },
      "properties": {
        "epoch": "z4_5",
        "cluster": 2,
        "intensity": 1.0
      }
    },
    {
      "type": "Feature",
      "geometry": {
        "type": "Point",
        "coordinates": [6.009902708640819, 7.229725594642981]
      },
      "properties": {
        "epoch": "z4_5",
        "cluster": 2,
        "intensity": 1.0
      }
    },
    {
      "type": "Feature",
      "geometry": {
        "type": "Point",
        "coordinates": [5.953987373413393, 6.832913787682334]
      },
      "properties": {
        "epoch": "z4_5",
        "cluster": 2,
        "intensity": 1.0
      }
    },
    {
      "type": "Feature",
      "geometry": {
        "type": "Point",
        "coordinates": [5.8504515656267015, 6.9523326174431865]
      },
      "properties": {
        "epoch": "z4_5",
        "cluster": 2,
        "intensity": 1.0
      }
    },
    {
      "type": "Feature",
      "geometry": {
        "type": "Point",
        "coordinates": [6.068305102251605, 7.12895014866205]
      },
      "properties": {
        "epoch": "z4_5",
        "cluster": 2,
        "intensity": 1.0
      }
    }
  ]
}
